section,class,from,to,vertical_m,route_allowance,flow_share
rung-001,rung,T002,T001,56,0.0,1.0
rung-002,rung,T003,T002,56,0.0,1.0
rung-003,rung,T004,T003,56,0.0,1.0
rung-004,rung,T005,T004,56,0.0,1.0
rung-005,rung,T006,T005,56,0.0,1.0
rung-006,rung,T007,T006,56,0.0,1.0
rung-007,rung,T008,T007,56,0.0,1.0
rung-008,rung,T009,T008,56,0.0,0.5
rung-009,rung,T009,T010,56,0.0,0.5
rung-010,rung,T010,T011,56,0.0,1.0
rung-011,rung,T011,T012,56,0.0,1.0
rung-012,rung,T012,T013,56,0.0,1.0
rung-013,rung,T013,T014,56,0.0,1.0
rung-014,rung,T014,T015,56,0.0,1.0
rung-015,rung,T015,T016,56,0.0,1.0
rung-016,rung,T016,T017,56,0.0,1.0
rung-017,rung,T019,T018,56,0.0,1.0
rung-018,rung,T020,T019,56,0.0,1.0
rung-019,rung,T021,T020,56,0.0,1.0
rung-020,rung,T022,T021,56,0.0,1.0
rung-021,rung,T023,T022,56,0.0,1.0
rung-022,rung,T024,T023,56,0.0,1.0
rung-023,rung,T025,T024,56,0.0,1.0
rung-024,rung,T026,T025,56,0.0,0.5
rung-025,rung,T026,T027,56,0.0,0.5
rung-026,rung,T027,T028,56,0.0,1.0
rung-027,rung,T028,T029,56,0.0,1.0
rung-028,rung,T029,T030,56,0.0,1.0
rung-029,rung,T030,T031,56,0.0,1.0
rung-030,rung,T031,T032,56,0.0,1.0
rung-031,rung,T032,T033,56,0.0,1.0
rung-032,rung,T033,T034,56,0.0,1.0
rung-033,rung,T036,T035,56,0.0,1.0
rung-034,rung,T037,T036,56,0.0,1.0
rung-035,rung,T038,T037,56,0.0,1.0
rung-036,rung,T039,T038,56,0.0,1.0
rung-037,rung,T040,T039,56,0.0,1.0
rung-038,rung,T041,T040,56,0.0,1.0
rung-039,rung,T042,T041,56,0.0,1.0
rung-040,rung,T043,T042,56,0.0,0.5
rung-041,rung,T043,T044,56,0.0,0.5
rung-042,rung,T044,T045,56,0.0,1.0
rung-043,rung,T045,T046,56,0.0,1.0
rung-044,rung,T046,T047,56,0.0,1.0
rung-045,rung,T047,T048,56,0.0,1.0
rung-046,rung,T048,T049,56,0.0,1.0
rung-047,rung,T049,T050,56,0.0,1.0
rung-048,rung,T050,T051,56,0.0,1.0
rung-049,rung,T053,T052,56,0.0,1.0
rung-050,rung,T054,T053,56,0.0,1.0
rung-051,rung,T055,T054,56,0.0,1.0
rung-052,rung,T056,T055,56,0.0,1.0
rung-053,rung,T057,T056,56,0.0,1.0
rung-054,rung,T058,T057,56,0.0,1.0
rung-055,rung,T059,T058,56,0.0,1.0
rung-056,rung,T060,T059,56,0.0,0.5
rung-057,rung,T060,T061,56,0.0,0.5
rung-058,rung,T061,T062,56,0.0,1.0
rung-059,rung,T062,T063,56,0.0,1.0
rung-060,rung,T063,T064,56,0.0,1.0
rung-061,rung,T064,T065,56,0.0,1.0
rung-062,rung,T065,T066,56,0.0,1.0
rung-063,rung,T066,T067,56,0.0,1.0
rung-064,rung,T067,T068,56,0.0,1.0
rung-065,rung,T070,T069,56,0.0,1.0
rung-066,rung,T071,T070,56,0.0,1.0
rung-067,rung,T072,T071,56,0.0,1.0
rung-068,rung,T073,T072,56,0.0,1.0
rung-069,rung,T074,T073,56,0.0,1.0
rung-070,rung,T075,T074,56,0.0,1.0
rung-071,rung,T076,T075,56,0.0,1.0
rung-072,rung,T077,T076,56,0.0,0.5
rung-073,rung,T077,T078,56,0.0,0.5
rung-074,rung,T078,T079,56,0.0,1.0
rung-075,rung,T079,T080,56,0.0,1.0
rung-076,rung,T080,T081,56,0.0,1.0
rung-077,rung,T081,T082,56,0.0,1.0
rung-078,rung,T082,T083,56,0.0,1.0
rung-079,rung,T083,T084,56,0.0,1.0
rung-080,rung,T084,T085,56,0.0,1.0
rung-081,rung,T087,T086,56,0.0,1.0
rung-082,rung,T088,T087,56,0.0,1.0
rung-083,rung,T089,T088,56,0.0,1.0
rung-084,rung,T090,T089,56,0.0,1.0
rung-085,rung,T091,T090,56,0.0,1.0
rung-086,rung,T092,T091,56,0.0,1.0
rung-087,rung,T093,T092,56,0.0,1.0
rung-088,rung,T094,T093,56,0.0,0.5
rung-089,rung,T094,T095,56,0.0,0.5
rung-090,rung,T095,T096,56,0.0,1.0
rung-091,rung,T096,T097,56,0.0,1.0
rung-092,rung,T097,T098,56,0.0,1.0
rung-093,rung,T098,T099,56,0.0,1.0
rung-094,rung,T099,T100,56,0.0,1.0
rung-095,rung,T100,T101,56,0.0,1.0
rung-096,rung,T101,T102,56,0.0,1.0
rung-097,rung,T104,T103,56,0.0,1.0
rung-098,rung,T105,T104,56,0.0,1.0
rung-099,rung,T106,T105,56,0.0,1.0
rung-100,rung,T107,T106,56,0.0,1.0
rung-101,rung,T108,T107,56,0.0,1.0
rung-102,rung,T109,T108,56,0.0,1.0
rung-103,rung,T110,T109,56,0.0,1.0
rung-104,rung,T111,T110,56,0.0,0.5
rung-105,rung,T111,T112,56,0.0,0.5
rung-106,rung,T112,T113,56,0.0,1.0
rung-107,rung,T113,T114,56,0.0,1.0
rung-108,rung,T114,T115,56,0.0,1.0
rung-109,rung,T115,T116,56,0.0,1.0
rung-110,rung,T116,T117,56,0.0,1.0
rung-111,rung,T117,T118,56,0.0,1.0
rung-112,rung,T118,T119,56,0.0,1.0
rung-113,rung,T120,header-a-8,28,0.0,1.0
rung-114,rung,T121,T120,56,0.0,1.0
rung-115,rung,T122,T121,56,0.0,1.0
rung-116,rung,T123,T122,56,0.0,1.0
rung-117,rung,T124,T123,56,0.0,1.0
rung-118,rung,T125,T124,56,0.0,1.0
rung-119,rung,T126,T125,56,0.0,1.0
rung-120,rung,T127,T126,56,0.0,0.5
rung-121,rung,T127,T128,56,0.0,0.5
rung-122,rung,T128,T129,56,0.0,1.0
rung-123,rung,T129,T130,56,0.0,1.0
rung-124,rung,T130,T131,56,0.0,1.0
rung-125,rung,T131,T132,56,0.0,1.0
rung-126,rung,T132,T133,56,0.0,1.0
rung-127,rung,T133,T134,56,0.0,1.0
rung-128,rung,T134,header-b-8,28,0.0,1.0
header-129,header,T001,T018,56,0.0,1.0
header-130,header,T018,T035,56,0.0,1.0
header-131,header,T035,T052,56,0.0,1.0
header-132,header,T052,header-a-mid,28,0.0,1.0
header-133,header,T069,header-a-mid,28,0.0,1.0
header-134,header,T086,T069,56,0.0,1.0
header-135,header,T103,T086,56,0.0,1.0
header-136,header,header-a-8,T103,28,0.0,1.0
tie-in-137,tie-in,header-a-mid,manifold,0,0.0,1.0
header-138,header,T017,T034,56,0.0,1.0
header-139,header,T034,T051,56,0.0,1.0
header-140,header,T051,T068,56,0.0,1.0
header-141,header,T068,header-b-mid,28,0.0,1.0
header-142,header,T085,header-b-mid,28,0.0,1.0
header-143,header,T102,T085,56,0.0,1.0
header-144,header,T119,T102,56,0.0,1.0
header-145,header,header-b-8,T119,28,0.0,1.0
tie-in-146,tie-in,header-b-mid,manifold,0,0.0,1.0
