turbine,x_m,y_m
T001,3412.29,-10236.88
T002,2559.22,-9383.81
T003,1706.15,-8530.73
T004,853.07,-7677.66
T005,0.0,-6824.59
T006,-853.07,-5971.51
T007,-1706.15,-5118.44
T008,-2559.22,-4265.37
T009,-3412.29,-3412.29
T010,-4265.37,-2559.22
T011,-5118.44,-1706.15
T012,-5971.51,-853.07
T013,-6824.59,-0.0
T014,-7677.66,853.07
T015,-8530.73,1706.15
T016,-9383.81,2559.22
T017,-10236.88,3412.29
T018,4387.24,-9261.94
T019,3534.16,-8408.87
T020,2681.09,-7555.79
T021,1828.01,-6702.72
T022,974.94,-5849.65
T023,121.87,-4996.57
T024,-731.21,-4143.5
T025,-1584.28,-3290.43
T026,-2437.35,-2437.35
T027,-3290.43,-1584.28
T028,-4143.5,-731.21
T029,-4996.57,121.87
T030,-5849.65,974.94
T031,-6702.72,1828.01
T032,-7555.79,2681.09
T033,-8408.87,3534.16
T034,-9261.94,4387.24
T035,5362.18,-8287.0
T036,4509.1,-7433.93
T037,3656.03,-6580.85
T038,2802.96,-5727.78
T039,1949.88,-4874.71
T040,1096.81,-4021.63
T041,243.74,-3168.56
T042,-609.34,-2315.49
T043,-1462.41,-1462.41
T044,-2315.49,-609.34
T045,-3168.56,243.74
T046,-4021.63,1096.81
T047,-4874.71,1949.88
T048,-5727.78,2802.96
T049,-6580.85,3656.03
T050,-7433.93,4509.1
T051,-8287.0,5362.18
T052,6337.12,-7312.06
T053,5484.04,-6458.98
T054,4630.97,-5605.91
T055,3777.9,-4752.84
T056,2924.82,-3899.76
T057,2071.75,-3046.69
T058,1218.68,-2193.62
T059,365.6,-1340.54
T060,-487.47,-487.47
T061,-1340.54,365.6
T062,-2193.62,1218.68
T063,-3046.69,2071.75
T064,-3899.76,2924.82
T065,-4752.84,3777.9
T066,-5605.91,4630.97
T067,-6458.98,5484.04
T068,-7312.06,6337.12
T069,7312.06,-6337.12
T070,6458.98,-5484.04
T071,5605.91,-4630.97
T072,4752.84,-3777.9
T073,3899.76,-2924.82
T074,3046.69,-2071.75
T075,2193.62,-1218.68
T076,1340.54,-365.6
T077,487.47,487.47
T078,-365.6,1340.54
T079,-1218.68,2193.62
T080,-2071.75,3046.69
T081,-2924.82,3899.76
T082,-3777.9,4752.84
T083,-4630.97,5605.91
T084,-5484.04,6458.98
T085,-6337.12,7312.06
T086,8287.0,-5362.18
T087,7433.93,-4509.1
T088,6580.85,-3656.03
T089,5727.78,-2802.96
T090,4874.71,-1949.88
T091,4021.63,-1096.81
T092,3168.56,-243.74
T093,2315.49,609.34
T094,1462.41,1462.41
T095,609.34,2315.49
T096,-243.74,3168.56
T097,-1096.81,4021.63
T098,-1949.88,4874.71
T099,-2802.96,5727.78
T100,-3656.03,6580.85
T101,-4509.1,7433.93
T102,-5362.18,8287.0
T103,9261.94,-4387.24
T104,8408.87,-3534.16
T105,7555.79,-2681.09
T106,6702.72,-1828.01
T107,5849.65,-974.94
T108,4996.57,-121.87
T109,4143.5,731.21
T110,3290.43,1584.28
T111,2437.35,2437.35
T112,1584.28,3290.43
T113,731.21,4143.5
T114,-121.87,4996.57
T115,-974.94,5849.65
T116,-1828.01,6702.72
T117,-2681.09,7555.79
T118,-3534.16,8408.87
T119,-4387.24,9261.94
T120,9383.81,-2559.22
T121,8530.73,-1706.15
T122,7677.66,-853.07
T123,6824.59,0.0
T124,5971.51,853.07
T125,5118.44,1706.15
T126,4265.37,2559.22
T127,3412.29,3412.29
T128,2559.22,4265.37
T129,1706.15,5118.44
T130,853.07,5971.51
T131,-0.0,6824.59
T132,-853.07,7677.66
T133,-1706.15,8530.73
T134,-2559.22,9383.81
