speed_m_s,power_kw,ct
0.0,0.0,0.0
2.999,0.0,0.0
3.0,43.076,0.802324
3.549532,292.382,0.780616
4.067901,607.198,0.777931
4.553907,980.089,0.781505
5.006427,1401.054,0.784176
5.424415,1858.137,0.786033
5.806905,2337.614,0.786495
6.153013,2824.714,0.785899
6.461937,3304.246,0.784728
6.732965,3760.918,0.783284
6.96547,4180.243,0.781786
7.158914,4541.467,0.778313
7.312849,4840.772,0.778313
7.426921,5070.855,0.778313
7.500865,5223.827,0.778313
7.534511,5294.438,0.778313
7.541242,5308.64,0.778313
7.588333,5408.713,0.778313
7.675677,5597.638,0.778313
7.80307,5881.002,0.778313
7.97022,6267.085,0.778313
8.176738,6766.981,0.778313
8.422148,7394.746,0.778313
8.705882,8167.573,0.778313
9.027284,9105.968,0.778313
9.385612,10233.933,0.778313
9.780038,11579.14,0.778313
10.209648,13173.07,0.778313
10.659371,15000.0,0.771773
10.67345,15000.0,0.745721
11.170372,15000.0,0.560011
11.699265,15000.0,0.461573
12.258907,15000.0,0.387516
12.848003,15000.0,0.32852
13.465192,14999.921,0.280375
14.109047,15000.0,0.240576
14.778079,15000.0,0.207402
15.470742,15000.0,0.179592
16.185435,15000.0,0.156175
16.920505,15000.0,0.136383
17.674253,15000.0,0.119596
18.444936,15000.0,0.105313
19.230774,15000.0,0.093123
20.029948,15000.0,0.082688
20.840612,15000.0,0.073727
21.660892,15000.0,0.06601
22.488891,14999.883,0.059343
23.322695,15000.0,0.053569
24.160377,15000.0,0.048551
25.0,15000.0,0.044178
25.001,0.0,0.0
