issue_id,page_id,section,category,severity,finding_type,finding,evidence,model_consequence,recommendation,downstream_pages,decision_required,decision_id,correction_batch,status,opened_on,resolution,validation_evidence,closed_on
ISS-0001,ELEC-002,Cable-Length Model,implementation_readiness,blocker,new_finding,"The page does not define the algorithm that assigns turbines to strings, orders turbines within each string, or locates/selects the offshore substation node.","The page defines a resulting edge set E but not how E is constructed. The upstream layout page supplies turbine coordinates only. ORBIT documents explicit grid and ring construction rules, including a substation coordinate.","Different valid radial trees produce different lengths, conductor allocations, installation sections, losses and costs; an independent implementer cannot reproduce L_horizontal.","Adopt one deterministic screening topology algorithm and define its substation-location rule, tie-breaking, feasibility checks and returned section list. Detailed route optimisation can remain outside scope.","WIND-003; INST-003; ELEC-003; METH-002",true,DEC-0001,,open,2026-08-21,,,
ISS-0002,ELEC-002,Cable-Length Model,implementation_readiness,blocker,explicit_gap,"Total pull-in and vertical cable length has no input or calculation, while L_array requires it.","The page explicitly states that no default is inserted until water depth and interface assumptions are defined and lists supply length as incomplete.","Complete supply length, cable mass, supply CAPEX and installation inventory cannot be calculated.","Define a geometry-based pull-in length relationship or retain it as a scenario input with an explicit owner, units, counting rule and missing-input behaviour.","INST-003; ELEC-003; PLAT-001; METH-002",false,,,open,2026-08-21,,,
ISS-0003,ELEC-002,Reliability and Availability,implementation_readiness,blocker,explicit_gap,"The page owns infield-grid electrical performance but supplies no loss calculation or adopted loss input.","The model limitations state that electrical losses are unresolved. The shared energy methodology requires infield AC losses to be applied at component level. The cited ORBIT cable files already expose resistance, capacitance and inductance inputs.","Delivered electrical energy and LCOE are incomplete; applying zero loss would systematically favour architectures using the AC array network.","Implement the minimum sufficient load-dependent segment loss model using the time-varying downstream power, selected conductor resistance, voltage and an explicit power-factor treatment. Keep detailed reactive and thermal studies as qualification checks or sensitivities.","METH-006; ARCH-002; ARCH-003",false,,,open,2026-08-21,,,
ISS-0004,ELEC-002,Worked example: platform interface,cross_page_consistency,blocker,explicit_gap,"The 34-string base case cannot connect to the cited TenneT 2 GW reference platform with at most 28 indicated wind-farm/universal bays, and no compatible reference solution is selected.","The page correctly exposes the conflict. TenneT's 2024 presentation shows 4 x 6 offshore-wind-farm bays plus 4 universal bays and four 500 MW generation blocks.","The cable network, collection switchgear, platform inventory and installation case do not describe one physically closed reference architecture.","Select and document a bay-compatible reference design before combining component costs. Preserve alternatives when rating uncertainty crosses the string-count threshold.","ARCH-002; ELEC-003; INST-003; PLAT-001",true,DEC-0001,,needs_decision,2026-08-21,,,
ISS-0005,ELEC-002,String Capacity Model,implementation_readiness,major,new_finding,"The deterministic model requires one P_string value or an explicit branching rule, but the base case is given as the interval 64-66 MW.","The cited TenneT material supports a conservative 64 MW-per-cable basis; the page derives about 64.8 MW from 630 A, 66 kV and power factor 0.9, then carries a 64-66 MW range. For turbine ratings near a threshold, the interval changes floor(P_string/P_turb). The equation also needs a feasibility assertion when P_turb exceeds P_string.","Turbines per string and feeder count can be non-unique, causing discontinuous changes in length, bay count, accessories and cost.","Use a conservative scalar for a base case or calculate and report both threshold outcomes. Define P_string selection, power factor/derating ownership and the P_turb <= P_string feasibility rule.","TURB-002; ELEC-003; INST-003",true,DEC-0001,,needs_decision,2026-08-21,,,
ISS-0006,ELEC-002,Cable Construction and Cost Model,model_fidelity,major,new_finding,"No rule allocates conductor sizes to individual string segments even though segment loading, cable price and mass vary materially with downstream turbine count.","The page provides 185 mm2 and 630 mm2 ORBIT anchors and states that an optimised design uses multiple sizes. The installation worked example nevertheless applies the 630 mm2 mass to the entire infield inventory, while the supply model applies one blended EUR/m rate.","Supply CAPEX and vessel loading are not driven by the physical section inventory; installation and supply calculations can use mutually inconsistent cable definitions.","At minimum, assign each segment the smallest screened conductor class that carries its downstream load, and return length, mass and cost by conductor class. Treat unmodelled thermal and protection checks as qualification gates.","INST-003; ELEC-003; METH-002",true,DEC-0002,,needs_decision,2026-08-21,,,
ISS-0007,ELEC-002,Cost Model,cost_input,major,new_finding,"The 400 EUR2025/m base rate and 200-600 sensitivity are judgemental blends rather than a reproducible transformation from the routed conductor inventory, and the stated accessory boundary is not demonstrated for the ORBIT rates.","The ORBIT values normalise correctly to about 219 and 590 EUR2025/m. The Hollandse Kust Zuid comparator is about 174 EUR/m in 2019 nominal terms and includes design, testing, cable and accessories. It is not restated to EUR2025 before being used to frame the adopted EUR2025 assumption. ORBIT's cost_per_km files do not define joints and termination-material inclusions.","Material CAPEX may be biased by conductor mix and incompatible cost scopes; discrete accessory costs can be omitted or hidden inside an unsupported length rate.","Use conductor-specific rates on a common price basis and document procurement scope. Model material accessories by count where evidence permits; otherwise label their omission or aggregate treatment explicitly.","METH-003; INST-003; METH-002",true,DEC-0002,,needs_decision,2026-08-21,,,
ISS-0008,ELEC-002,Routing allowance,reference_evidence,major,new_finding,"The 20% base route allowance and 5-20% sensitivity have no external evidence or site basis.","The cited internal Word document says that cables cannot cross and therefore adds 20% for diversion. Cable crossings are possible with engineered crossing arrangements, and the document gives no project data or derivation for 20%. The page appropriately warns not to double count routed geometry, but still adopts 20% as the base.","The assumption changes cable supply, mass and installation quantities by up to 20% without traceable support.","Treat route allowance as a scenario input until route-specific evidence exists; use zero when coordinates are routed and use explicit crossing/protection quantities in the installation model.","INST-003; METH-002",false,,,open,2026-08-21,,,
ISS-0009,ELEC-002,OPEX Allowance,cost_input,major,new_finding,"The adopted 2% of supply CAPEX per year and 1-3% range are not supported by the cited failure evidence.","SPARTA reports portfolio cable-outage occurrence and lost production; ELECTRODE reports combined repair cost and lost generation. The page correctly states that neither source provides array-only cash repair expenditure, but it nevertheless introduces the percentage without a separate basis.","Annual OPEX is a material LCOE input and scales with cable purchase price rather than failure exposure, repair scope or installed-system cost.","Leave the value unresolved until a defensible top-down benchmark or event model is available, or document the percentage as an explicit decision with an evidenced calibration target and broad sensitivity.","METH-003; METH-002",false,,,open,2026-08-21,,,
ISS-0010,ELEC-002,Reliability and Availability,reference_evidence,major,new_finding,"The 99.0% array-network availability factor has no derivation, citation or sensitivity range.","SPARTA supports that cable outages occur and provides portfolio statistics, but it does not directly justify a 99.0% array-only energy-equivalent multiplier. The page labels the value as aggregate but does not show why it is appropriate.","Annual energy changes directly by the factor, while radial topology and affected capacity are hidden; uncertainty is not propagated.","Provide an evidence or calibration basis and sensitivity. Until then, classify 99.0% as an unresolved modelling decision rather than a supported input.","METH-006; ARCH-002; ARCH-003",false,,,open,2026-08-21,,,
ISS-0011,ELEC-002,Current Assumptions and Sensitivities,model_fidelity,major,explicit_gap,"The table presents 132 kV as a selectable sensitivity, but no 132 kV cable capacity, cost, mass, loss, switchgear or platform-interface model is defined.","The Carbon Trust source supports 132 kV as a future option and potential system savings, while the page limitation states that 132 kV is not optimised.","A model implementer cannot run the stated voltage sensitivity, and fixing 66 kV can bias designs with larger turbines or constrained feeder-bay counts.","Either remove 132 kV from executable sensitivities and label it future scope, or add a complete 132 kV parameter and interface set before using it in comparisons.","TURB-002; ELEC-003; ARCH-002; ARCH-003",false,,,open,2026-08-21,,,
ISS-0012,ELEC-002,Role and Scope,cross_page_consistency,major,cross_page_gap,"The cost owner for offshore 66 kV collection switchgear is ambiguous for the centralised-hydrogen architecture.","This page excludes offshore switchgear bays. The electrical overview assigns collection switchgear to the HVDC Converter Stations page, but that page is not used by centralised hydrogen. The electrolyser power-electronics page explicitly excludes upstream 66 kV switchgear.","Centralised-hydrogen CAPEX and equipment mass can omit the offshore collection switchgear or depend on an architecture-inapplicable page.","Assign one canonical owner for common offshore AC collection switchgear and define whether its cost and mass scale by string, bay, generation block or platform.","ARCH-003; ELEC-001; ELEC-003; H2P-005; PLAT-001",false,,,open,2026-08-21,,,
ISS-0013,ELEC-002,Public Reference Cable Data,reference_evidence,moderate,evidence_maintenance,"The ORBIT cable inputs are cited from the mutable dev branch rather than an immutable release or commit.","The reviewed files currently contain the reported current, cost and mass values, and the ORBIT changelog identifies them as 2024 USD updates. A future dev-branch change can make the page values no longer reproducible from the citation.","A reader may be unable to reconstruct the adopted input version later.","Pin the ORBIT version and commit hash used by both cable-supply and installation pages and cite immutable file URLs.","INST-003; REF-001",false,,,open,2026-08-21,,,
ISS-0014,ELEC-002,Standards and source basis,reference_evidence,moderate,evidence_maintenance,"Several citations need a stable or more precise source statement even though the underlying claims are broadly supportable.","The TenneT 2015 URL was not retrievable during review; the Prysmian bibliography points to a withdrawn annual report although an approved 3 April 2020 version exists; IEC 63026 states rated voltage up to 60 kV with Um 72.5 kV, so the blanket phrase '66 kV-class' needs precise voltage-designation wording; the live DNV page now identifies edition 2025-12.","Evidence maintenance and standard-edition ambiguity weaken long-term traceability but do not currently change the screening calculation.","Replace unstable or withdrawn links, cite exact document editions/pages, and state the cable voltage designation used when describing IEC scope.","REF-001",false,,,open,2026-08-21,,,
ISS-0015,METH-002,System Boundary and LCOE,technical_correctness,blocker,cross_page_gap,"The two architectures use different delivered products and delivery points in the LCOE denominator: grid electricity versus hydrogen HHV at a backbone connection.","METH-002 defines electricity at the onshore grid and hydrogen on an HHV basis; ARCH-001 and ARCH-005 explicitly exclude storage, reconversion, distribution and end use beyond those unequal interfaces.","EUR/MWh values are not a like-for-like end-service comparison. Ranking the carriers can change with downstream conversion, storage, demand matching and connection costs.","Choose the comparison purpose explicitly: either compare carrier-specific costs at separate interfaces without ranking them as equivalent, or extend both pathways to one common demand service and include every downstream cost and loss.","ARCH-001; ARCH-002; ARCH-003; ARCH-004; ARCH-005; METH-006",true,DEC-0003,COR-01B,closed,2026-08-21,"Defined separate Tier 1 onshore electricity and hydrogen endpoints and units and prohibited equivalent end-use ranking; aligned all architecture labels.","review/correction-validation/COR-01B.md: endpoint terms and units reconcile across six methodology and five architecture pages; full render passed.",2026-08-21
ISS-0016,METH-002,Conceptual Cost Structure,technical_correctness,major,new_finding,"The expression LCOE = C1/Yield + C2/Capacity Factor + C3 is dimensionally undefined and groups monetary costs and energy losses in one additive term.","C1-C3 have no units or normalisation basis. Dividing a capacity-linked cost by a dimensionless capacity factor does not produce EUR/MWh without rated capacity and annual hours, while a conversion loss cannot be added directly to a monetary cost.","Readers can implement or interpret a relationship that is not dimensionally reproducible, obscuring the actual dependency between capacity-rated assets and delivered energy.","Replace the expression with the auditable annual-cost equation and a separate delivered-energy equation. If a conceptual decomposition is retained, define each term so every addend has EUR/MWh units.","METH-001; METH-004",false,,COR-01B,closed,2026-08-21,"Removed the C1/C2/C3 expression and replaced it with dimensionally explicit capital-intensity and carrier-cost equations linked to annual cost and delivered energy.","review/correction-validation/COR-01B.md: automated unit-basis checks and full render passed.",2026-08-21
ISS-0017,METH-002,System Boundary,cross_page_consistency,blocker,cross_page_gap,"The claimed lifecycle cost boundary includes common development, financing and decommissioning activities, but no page owns or parameterises several of those cost categories.","ARCH-001 says lifecycle activities are included and ARCH-002 to ARCH-004 retain common development and financing costs. ARCH-005 says those costs are represented elsewhere, but the repository has no canonical development-cost owner and installation pages explicitly exclude development, insurance, owner contingency and decommissioning.","The numerator cannot be closed consistently and omissions may differ by architecture if residual package factors are used elsewhere.","Add a project-cost scope matrix with a canonical owner and treatment for development, engineering, insurance, construction finance, contingency, commissioning, decommissioning and any excluded categories. Do not call an item included until it has an owner or explicit zero/exclusion decision.","ARCH-001; ARCH-002; ARCH-003; ARCH-004; ARCH-005; INST-001; INST-002; INST-003; INST-004",false,,COR-01B,closed,2026-08-21,"Added a canonical cost-scope matrix: component and installation owners are explicit; METH-003 owns shared fields and decommissioning; financing taxes and fees are explicitly excluded; unresolved required fields return not parameterized.","review/correction-validation/COR-01B.md: ownership and missing-input behavior reconcile across methodology and architecture pages; full render passed.",2026-08-21
ISS-0018,METH-003,Annualisation,cost_input,major,explicit_gap,"The 6.6% real WACC is an unsupported carried assumption and its tax, financing and architecture scope are not defined.","The page labels the value as a TODO. It does not state pre-tax versus post-tax treatment, whether the same financing applies to all carrier-specific assets, or a sensitivity range. Published cost-of-capital evidence is basis-sensitive.","WACC directly affects every annualised CAPEX term and may bias architectures with different capital intensity or asset risk.","Select a documented real WACC convention with tax and financing scope, establish a base case and range, and test architecture-specific financing only if evidence supports the distinction.","METH-002; all cost pages",true,DEC-0004,COR-01B,open,2026-08-21,"COR-01B now identifies 6.6% as one provisional project-wide real assumption and explicitly excludes tax debt and construction-finance timing; the evidence basis and sensitivity range remain unresolved.","review/correction-validation/COR-01B.md confirms the scope and arithmetic; issue remains open pending evidence and sensitivity.",
ISS-0019,METH-003,Annualisation,implementation_readiness,blocker,explicit_gap,"The simple CRF treatment does not define how component replacements, different lifetimes, decommissioning and residual value enter annual cost.","The page explicitly says these items require discounted cash-flow terms but supplies no equation or timing convention. H2P-003 already states at least one stack replacement within the 25-year project and calculates replacement cost.","Annual cost and LCOE are incomplete and can materially misstate architectures with short-lived stacks or different replacement profiles.","Define a real discounted-cash-flow annualisation equation with expenditure timing, replacement count, residual value and decommissioning treatment, then derive an equivalent annual cost on the common project basis.","H2P-003; METH-002; all cost pages",true,DEC-0004,COR-01B,closed,2026-08-21,"Implemented the approved simplified alternative: explicit replacement counts within 25 years, zero residual value, decommissioning at 80% of offshore installation CAPEX and one lifecycle capital basis annualized by CRF without timing discounts.","review/correction-validation/COR-01B.md: CRF and 25/10/5-year replacement cases reproduce; full render passed.",2026-08-21
ISS-0020,METH-004,Scenario Parameters,cross_page_consistency,blocker,cross_page_gap,"Stack overplanting, pipeline pressure and pipeline selection are classified as scenario parameters on METH-004 but as optimisation variables on METH-005.","The two adjacent methodology pages assign the same quantities to mutually exclusive roles. The hydrogen infrastructure overview also says pressure, diameter and pipeline count are optimised jointly.","Implementers can hold a quantity fixed, sweep it externally or optimise it internally and obtain different design sets and reported optima.","Create one canonical variable taxonomy. For each quantity define whether it is fixed, scenario-controlled, enumerated design variable or derived result; distinguish base-case sweeps from optimisation variables.","METH-005; H2I-001; H2I-005",true,DEC-0005,COR-01B,closed,2026-08-21,"Published one taxonomy of user inputs fixed parameters derived quantities and outputs; overplanting pressure and pipeline class are deterministic user inputs and alternative cases are supplied externally.","review/correction-validation/COR-01B.md: methodology pages and input register use the same classifications; full render passed.",2026-08-21
ISS-0021,METH-004,Modelling Workflow,implementation_readiness,blocker,new_finding,"The workflow names input classes and outputs but does not specify an executable calculation sequence, time resolution, feasibility filtering or result-selection process.","No page-level algorithm connects wind time series, layout, component sizing, dispatch/curtailment, availability, annual energy, annual cost and comparison output. There is also no rule for failed or infeasible designs.","An independent implementer cannot reproduce the integrated model even when component equations are available.","Document the model execution order and data contract, including temporal resolution, architecture branching, constraint checks, discrete equipment selection, infeasible-case handling, annual aggregation and output records.","all model pages",false,,COR-01B,closed,2026-08-21,"Defined the eleven-step deterministic execution order from case validation through physical inventory energy availability cost annualization and reporting, with feasible infeasible and not-parameterized return states.","review/correction-validation/COR-01B.md: required stages and return-state behavior pass source checks; full render passed.",2026-08-21
ISS-0022,METH-005,Optimisation Variables,implementation_readiness,blocker,new_finding,"The optimisation problem is not mathematically specified: variable bounds and grids, constraints, objective evaluation and treatment of the cost-versus-density trade-off are absent.","The page states that variables are outcomes of system cost minimisation while also describing an areal-yield trade-off. It lists only some variables and provides no feasible ranges, discretisation, Pareto-dominance rule or tie-breaking convention.","Different searches can return different 'optimal' designs and can omit material discontinuities or infeasible regions.","Define the design vector, scenario vector, bounds, discrete sets, feasibility constraints and output-selection rule. If cost and areal yield are co-objectives, report a non-dominated frontier rather than a single cost optimum unless the scenario supplies a constraint or weighting.","METH-004; WIND-003; ELEC-003; H2I-005",true,DEC-0005,COR-01B,closed,2026-08-21,"Removed the optimization claim and repurposed METH-005 as the deterministic input parameter derived-quantity and output contract; no internal search or result selection remains.","review/correction-validation/COR-01B.md: published methodology contains only explicit no-optimizer statements and one-case return behavior; full render passed.",2026-08-21
ISS-0023,METH-005,Electricity Variables,reference_evidence,major,new_finding,"The 2 GW HVDC block is introduced without a citation or the executable link-count and part-utilisation rule on the methodology page.","METH-005 states the 2 GW assumption without a source. ELEC-004 contains a ceiling-based link-count equation and the electrical pages cite the TenneT standard, but the optimisation page does not identify that canonical implementation or define how partially used final blocks are costed and dispatched.","The core discrete threshold can be implemented inconsistently or smoothed away in the optimisation.","Link to the canonical sourced equation, define the exact rating and link-count rule, and state how partial final-block utilisation, curtailment and infeasibility are treated.","ELEC-003; ELEC-004; ARCH-002",false,,COR-01B,closed,2026-08-21,"Classified 2 GW/link as a fixed sourced parameter cited at use and delegated link count partial utilization curtailment and feasibility to the linked canonical electrical pages.","review/correction-validation/COR-01B.md: citation resolves and component links pass; full render passed.",2026-08-21
ISS-0024,METH-006,Availability Treatment,cross_page_consistency,blocker,cross_page_gap,"Availability has no canonical architecture mapping or combination rule and the shared table conflicts with component values.","METH-006 gives 98.5% for the electrolyser, while H2P-003 says stack availability is 99.5% throughout the study. The shared page does not say whether stack, BOP, power electronics and platform availability are bundled or multiplied, nor how partial-capacity states replace flat factors.","Annual delivered energy can be double-derated, under-derated or calculated differently by independent implementations.","Define one availability ledger per architecture with owner, boundary, combination/replacement rule and explicit removal of flat factors when state-based models are used. Reconcile 98.5% versus 99.5%.","H2P-003; H2P-004; H2P-005; ELEC-002; ELEC-003; ELEC-004; H2I-002; H2I-003; H2I-004",true,DEC-0006,COR-01B,closed,2026-08-21,"Added one side-by-side architecture ledger with component owners non-overlapping boundaries annual product rule redundancy treatment and embedded-derating exclusion; conflicting legacy values are explicitly not adopted.","review/correction-validation/COR-01B.md: architecture ledger ownership and no-double-derating rules pass source checks; full render passed.",2026-08-21
ISS-0025,METH-006,Availability Treatment,reference_evidence,major,explicit_gap,"Most shared availability factors are uncited assumptions with no derivation or sensitivity, including 100% pipeline availability.","The table supplies ten factors without citations. Component pages label several as legacy or modelling conventions; the infield cable pilot already records the unsupported 99.0% factor in ISS-0010.","Availability multiplies annual energy directly, and unsupported differences between electricity and hydrogen can predetermine the comparison.","For each factor provide evidence or calibration, an architecture-specific scope and sensitivity. Retain 100% pipeline availability only as a transparent zero-outage scenario, not as a reliability result.","all energy-producing and transport pages",false,,COR-01B,open,2026-08-21,"COR-01B removed unsupported legacy factors from the active ledger and defined their owners; required factors remain unresolved and 100% is permitted only as an explicit zero-outage scenario.","review/correction-validation/COR-01B.md confirms no unresolved factor is silently mapped to 1.0; issue remains open for component evidence and sensitivities.",
ISS-0026,METH-006,Energy Basis,reference_evidence,moderate,new_finding,"The hydrogen HHV value of 39.4 kWh/kg is technically correct but uncited at its point of introduction.","The page provides no citation. A U.S. DOE/NREL technical source reports HHV 39.42 kWh/kg and LHV 33.31 kWh/kg, confirming the rounded value.","The calculation is reproducible but does not meet the project's traceability rule for model-relevant numbers.","Cite a stable primary or authoritative thermochemical source, state the reference condition and preserve the rounded 39.4 kWh/kg convention consistently.","H2I-004; METH-002",false,,COR-01B,closed,2026-08-21,"Added the official DOE/NREL report to references.bib and cited 39.42 kWh/kg and its liquid-water HHV basis at the rounded 39.4 kWh/kg input.","review/correction-validation/COR-01B.md: citation resolves and 39.4 kWh/kg conversion reproduces; full render passed.",2026-08-21
ISS-0027,ARCH-003,Integrated Offshore Platform Boundary,implementation_readiness,blocker,cross_page_gap,"The one-platform centralised-hydrogen definition has no capacity, multiplicity or feasibility rule, and its material CAPEX and hosted-equipment mass are unresolved.","ARCH-003 fixes one physical platform while METH-004 permits varying turbine count. PLAT-001 requires platform count and hosted-equipment mass but explicitly has no adopted mass-to-CAPEX relationship and no closed mass inventory.","Centralised-hydrogen designs cannot be screened for platform feasibility or assigned a complete platform cost as farm capacity changes.","Define the capacity range over which one integrated platform is the architecture, the rule when that range is exceeded, and the mass/cost interface required from component pages. Preserve platform-count discontinuities.","PLAT-001; INST-004; METH-005",true,DEC-0007,,needs_decision,2026-08-21,,,
ISS-0028,ARCH-003,Onshore hydrogen-backbone connection,cross_page_consistency,major,cross_page_gap,"The onshore hydrogen-backbone connection is included as a delivery interface but has no canonical component model or cost boundary.","ARCH-003, ARCH-004 and ARCH-005 link the connection to H2I-001, which describes compression and pipelines but does not define metering, pressure control, purification specification, connection equipment, tariff or CAPEX/OPEX. Downstream conditioning is only generically excluded.","Hydrogen delivery cost and technical acceptance at the stated endpoint may omit a material interface or overlap with pipeline/compressor scope.","Create or assign a canonical connection-interface owner and define required pressure, purity, metering, valves, landfall/terminal equipment, CAPEX/OPEX and exclusions.","ARCH-004; ARCH-005; H2I-001; H2I-003; H2I-004",false,,,open,2026-08-21,,,
ISS-0029,ARCH-004,Architecture Interfaces,implementation_readiness,blocker,cross_page_gap,"The decentralised architecture has no owner for the export manifold and header-to-export connections.","H2I-002 explicitly excludes the export manifold and header-to-export connections from its length result. ARCH-004 and ARCH-005 include hydrogen collection and export pipeline but do not identify this connecting equipment as a component or assign its pressure loss, material, installation, cost or availability.","The physical network is not closed between the infield headers and export pipeline, so quantities, losses and costs are incomplete.","Add the manifold/interface as an explicit component or extend one existing owner's boundary; define connection count, sizing, pressure loss, material/mass, installation and cost treatment.","ARCH-005; H2I-002; H2I-004; INST-003",false,,,open,2026-08-21,,,
ISS-0030,ARCH-005,Physical Component Mapping,site_structure,moderate,new_finding,"The scope-control matrix covers physical energy equipment well but does not map common lifecycle cost categories or unresolved non-equipment interfaces.","The page asserts that common development and financing scopes are represented elsewhere, yet supplies no owner rows. It also omits the decentralised export manifold and has only a generic owner for the hydrogen backbone connection.","The matrix cannot yet serve as a complete double-counting and omission control for the LCOE numerator.","Extend the mapping with a separate economic-scope table covering common project costs, replacements, decommissioning and interface facilities, with an explicit owner or exclusion decision for each.","METH-002; METH-003; ARCH-002; ARCH-003; ARCH-004",false,,,open,2026-08-21,,,
ISS-0031,WIND-002,Source Basis,reference_evidence,blocker,explicit_gap,"The wind series cannot be independently reacquired from DOWA because extraction metadata are missing.","The legacy workbook has 87601 consecutive records but no grid point height source filename release/version timezone or direction convention and ends 72 hours before the stated official period.","All energy and wake results depend on an input whose site and operating basis cannot be verified or reproduced.","Recover and record the exact DOWA extraction and period or select and freeze a new controlled source series with justification.","WIND-003; METH-006; all architectures",false,,,open,2026-08-21,,,
ISS-0032,WIND-002,Direction Sectors,technical_correctness,blocker,new_finding,"The lower edge of each 30-degree sector is passed to the wake model as its representative direction.","The fitting script stores 0 for observations from 0 to below 30 degrees and PyWake consumes the stored labels. The representative centre is 15 degrees higher.","Wake alignment and the interaction with the fixed layout rotation are systematically shifted by 15 degrees.","Use circular centre-labelled bins or add 15 degrees before wake evaluation and regenerate and validate all dependent yield outputs.","WIND-003; METH-006",false,,,open,2026-08-21,,,
ISS-0033,WIND-002,Numerical Use,model_fidelity,major,explicit_gap,"The directional Weibull reduction and the two wind-speed integration grids have not been validated against the empirical hourly distribution or each other.","The page uses a 0.5 m/s PyWake grid and a 0.25 m/s midpoint hydrogen grid and itself requests an empirical-versus-fitted AEP check.","Distribution or quadrature error can be mistaken for an architecture energy difference.","Report empirical-hourly versus Weibull AEP and convergence/reconciliation results with an acceptance tolerance before adoption.","WIND-003; METH-006; H2P-003",false,,,open,2026-08-21,,,
ISS-0034,WIND-003,Layout Area,implementation_readiness,blocker,new_finding,"Farm area has no boundary or setback convention even though areal yield is a core objective.","The regular grid places coordinates on a bounding rectangle but does not state whether the modelled area includes half-spacing edge margins lease setbacks or excluded zones.","The same layout can be assigned different area and cost-density values and downstream route lengths.","Define the functional area polygon and edge-margin convention and assert every turbine lies in the permitted area.","METH-005; ELEC-002; H2I-002",true,DEC-0008,,needs_decision,2026-08-21,,,
ISS-0035,WIND-003,Spacing Feasibility,technical_correctness,blocker,explicit_gap,"Layouts below the stated minimum turbine spacing are only warned about rather than rejected.","The page identifies 3D as a screening minimum but allows the calculation and optimisation to continue and provides no evidence for that threshold.","The optimiser can select physically invalid high-density cases because they appear to minimise area or infrastructure.","Adopt an evidenced screening constraint and return infeasible before wake cost and optimisation evaluation.","METH-005; ELEC-002; H2I-002",true,DEC-0008,,needs_decision,2026-08-21,,,
ISS-0036,WIND-003,Turbine Definition,cross_page_consistency,major,cross_page_gap,"The wake-model turbine curve and hub height are not the canonical turbine defined on TURB-002.","WIND-003 uses a synthetic 15 MW 236 m power/Ct table and 150 m hub height; TURB-002 defaults to 133 m at 236 m rotor diameter and does not own the synthetic wake curve.","Wake loss gross yield and structural/cost calculations describe different turbines.","Create one controlled turbine-definition record for both pages including rotor hub height and power/Ct curves and regenerate dependent results.","TURB-002; METH-006",false,,,open,2026-08-21,,,
ISS-0037,WIND-003,Wake Configuration,reference_evidence,major,new_finding,"Layout orientation turbulence intensity and the PyWake configuration are not evidenced version-pinned or benchmarked.","The page uses 30 degrees TI 0.058 and TurboNOJ/PropagateDownwind settings without a source calibration or reported benchmark.","Outcome-driving wake loss can change with undocumented software versions and arbitrary fixed inputs.","Document the source/role of each input pin the environment and benchmark or sensitivity-test the configuration including orientation.","METH-005; METH-006",true,DEC-0008,,needs_decision,2026-08-21,,,
ISS-0038,TURB-002,Electrical Equipment Additions,implementation_readiness,blocker,explicit_gap,"Architecture-specific turbine electrical equipment has no complete quantitative mass and cost ledger.","Converter switchgear protection internal cable and DC-link masses/costs are explicitly unresolved and the direct-DC retained equipment is not quantified.","Complete turbine mass CAPEX lifts foundation mass and decentralised architecture cost cannot be calculated.","Define mutually exclusive conventional and direct-DC component ledgers with mass cost loss dimensions and owner for every retained removed or added item.","TURB-003; H2P-002; INST-002; METH-002",true,DEC-0009,,needs_decision,2026-08-21,,,
ISS-0039,TURB-002,Cost Calibration,cost_boundary,major,new_finding,"The rule for applying architecture component substitutions to calibrated RNA cost is ambiguous.","The NREL RNA calibration can include commercial electrical supply scope while the page proposes removing/replacing named electrical components without stating whether deltas use raw or calibrated costs.","Electrical items can be double counted omitted or receive an unsupported calibration multiplier.","Define the calibration boundary and apply architecture deltas with one explicit before/after-calibration equation and scope ledger.","H2P-002; METH-002; ARCH-005",true,DEC-0009,,needs_decision,2026-08-21,,,
ISS-0040,TURB-002,Tower Mass,model_fidelity,major,explicit_gap,"The length-only tower surrogate cannot respond to architecture-induced equipment mass or load changes.","The page acknowledges that lighter/heavier nacelle changes cannot feed back through the WISDEM tower regression.","Architecture foundation/tower mass credits may be omitted or claimed inconsistently.","Either adopt a bounded load-responsive surrogate with supported inputs or explicitly grant no tower-mass credit and test a sensitivity.","TURB-003; INST-002",false,,,open,2026-08-21,,,
ISS-0041,TURB-003,Monopile Mass,model_fidelity,major,new_finding,"The monopile surrogate treats supported static mass and depth as the only drivers and its validation is confounded by changing turbine/load cases.","The three comparison designs vary rotor power loading and depth together; agreement does not isolate linear response to supported mass. Soil thrust dynamics and fatigue are omitted.","Architecture equipment-mass differences can receive unsupported linear foundation-mass credits.","Choose a bounded surrogate with load/soil classes or adopt a no-credit rule for architecture mass deltas until stronger evidence is available.","TURB-002; INST-002",true,DEC-0010,,needs_decision,2026-08-21,,,
ISS-0042,TURB-003,Monopile Supply Cost,reference_evidence,major,new_finding,"The USD per tonne cost is derived by pairing cost and mass from different reference designs without showing matched scope.","The NREL 250-350 USD2022/kW range is divided by a BVG 1850 t example with different design/source basis.","The resulting cost factor may mix fabrication scope turbine rating site and transition-piece treatment.","Use a matched mass-and-cost source or retain a top-down per-kW range and make the unmatched conversion a sensitivity only.","METH-002; INST-002",false,,,open,2026-08-21,,,
ISS-0043,TURB-003,Model Outputs,implementation_readiness,blocker,explicit_gap,"Transition-piece mass scour quantity and foundation lift/section records are missing or unowned.","The page calculates monopile mass and transition-piece cost only while installation and supported-mass consumers require physical quantities and lift geometry.","Foundation installation feasibility duration cost and complete structural inventory cannot be calculated.","Assign scour ownership and emit transition-piece mass and all required foundation lift/section quantities with boundaries and sources.","INST-002; TURB-002; METH-002",true,DEC-0010,,needs_decision,2026-08-21,,,
ISS-0044,H2P-002,Feasibility Conditions,technical_feasibility,blocker,explicit_gap,"The direct-DC generator-to-PEM operating envelope cannot be verified with repository inputs.","Generator winding voltage and speed range converter limits and PEM envelopes over temperature pressure tolerance and ageing are absent.","The model cannot know whether the proposed topology can accept wind power without an extra conversion stage or how much is curtailed.","Define a numerical capability-envelope interface and gate the architecture as conditional/infeasible until all inequalities and operating points pass.","TURB-002; H2P-003; METH-005",true,DEC-0009,,needs_decision,2026-08-21,,,
ISS-0045,H2P-002,Converter Function Allocation,implementation_readiness,blocker,cross_page_gap,"The retained direct-DC rectifier/up-chopper protection isolation and DC-link functions have no mass cost or loss model.","The page carefully retains the functions conceptually but neither it nor TURB-002 quantifies the corresponding equipment.","The decentralised architecture gains from removed equipment without booking the retained integration system.","Close the shared TURB-002/H2P-002 ledger and show the net conventional-to-direct-DC mass cost and efficiency delta.","TURB-002; TURB-003; INST-002; METH-002",true,DEC-0009,,needs_decision,2026-08-21,,,
ISS-0046,H2P-002,Model Implication,technical_correctness,blocker,cross_page_gap,"The executable decentralised yield multiplies generator power by an undocumented 1.025 electric gain.","yield_params.yaml defines hydrogen_decentral_electric_gain=1.025 and aggregated_wind_power_curve.py multiplies wake-affected turbine power by it; the page specifies retained losses and no such factor.","The model can create stack-path power above the defined generator output and overstate decentralised hydrogen yield.","Remove the multiplier or reformulate it as removal of a specifically defined baseline conversion loss while preserving one energy-conserving reference boundary.","METH-006; H2P-003",false,,,open,2026-08-21,,,
ISS-0047,H2P-003,Polarisation Curve,implementation_readiness,blocker,explicit_gap,"The stack polarisation/efficiency model is shown only as a figure and cannot be numerically reconstructed.","No table equation data file temperature pressure or interpolation rule is published while legacy code contains an undocumented cubic efficiency curve.","Hydrogen output operating point and direct-DC feasibility cannot be independently implemented or audited.","Publish a machine-readable adopted curve with basis units valid range interpolation and conversion to HHV efficiency and reconcile it with code.","H2P-002; H2P-004; METH-006",false,,,open,2026-08-21,,,
ISS-0048,H2P-003,Modularity,cross_page_consistency,blocker,cross_page_gap,"Stack module rating and dispatch assumptions differ between the page and executable model.","The page repeatedly uses approximately 1 MW modules while generate_total_stack_efficiency_curve defaults to 2.5 MW and maximises efficiency over active-module counts with a 9.5% minimum.","Part-load efficiency minimum system load equipment count and switching behaviour are not reproducible from the documentation.","Adopt one module rating and deterministic dispatch/switching rule including minimum load tie-breaking and hysteresis assumptions and align code.","H2P-002; H2P-004; METH-005",true,DEC-0011,,needs_decision,2026-08-21,,,
ISS-0049,H2P-003,Degradation,technical_correctness,major,new_finding,"The degradation example is arithmetically wrong and its rate and EOL threshold are uncited.","Ten percent divided by 0.18 percent per 1000 FLH equals 55556 FLH not 58500; at 40 percent capacity factor this is about 15.9 years. The page supplies no source for either assumption.","Replacement timing hydrogen yield and lifecycle cost are misstated and unsupported.","Correct the arithmetic cite or calibrate the degradation law and EOL criterion and make replacement conditional on accumulated operating state.","METH-003; METH-006",false,,,open,2026-08-21,,,
ISS-0050,H2P-003,Replacement,cross_page_consistency,blocker,cross_page_gap,"The page describes optimisation-based stack replacement but the legacy implementation does not replace stacks or time replacement cash flows.","yield_calculation.py marks stack degradation TODO while the cost model contains no replacement event; only an average degradation multiplier is applied elsewhere.","A material lifecycle cost and production reset are absent despite the page claiming they are modelled.","Implement a timed state/replacement ledger or explicitly adopt and validate a simpler equivalent method through the lifecycle cash-flow convention.","METH-003; METH-004; METH-006",true,DEC-0011,,needs_decision,2026-08-21,,,
ISS-0051,H2P-003,Cost Model,cost_evidence,blocker,new_finding,"The page presents incompatible 164 USD2020/kW 112 USD2020/kW and checked-later 100 EUR/kW stack costs without one adopted EUR2025 basis.","The page's 112 times 1.5 markup already equals 168 USD2020/kW before inflation so the stated 100 EUR/kW result does not follow. Code uses 112.5 per kW without basis.","Stack CAPEX and overplanting economics cannot be audited and may be materially understated.","Select one source/current-density/manufacturing-volume case show each transformation and markup normalise to EUR2025 and align the executable input.","METH-002; METH-003; METH-005",true,DEC-0011,,needs_decision,2026-08-21,,,
ISS-0052,H2P-003,Equipment Mass,implementation_readiness,blocker,cross_page_gap,"Stack BOP and central power-electronics pages provide no equipment mass or lift inventory.","All three pages discuss platform or turbine integration but emit capacity and cost only; ARCH-003 and TURB-003 require hosted/supported mass and installation requires lifts.","Central platform CAPEX/feasibility and decentralised turbine foundation/installation cannot be closed.","Add a common equipment mass/lift output contract and source or explicit unresolved TODO for each production subsystem.","H2P-004; H2P-005; TURB-002; TURB-003; PLAT-001; INST-004",true,DEC-0009,,needs_decision,2026-08-21,,,
ISS-0053,H2P-004,Scaling Method,model_fidelity,blocker,new_finding,"A generic 0.6 exponent is applied to an aggregate 1 MW land-based BOP across multi-MW to GW offshore scales without train limits or redundancy.","The cited six-tenths rule is a generic preliminary equipment heuristic and does not establish scale response for the combined auxiliaries. The assumption mechanically favours centralisation.","An unsupported smooth economy of scale can predetermine the centralised-versus-decentralised result and erase real equipment-count steps.","Choose explicit BOP packages/trains and capacity limits with evidenced grouped scaling or bound the architecture with scenarios that preserve redundancy steps.","ARCH-003; ARCH-004; METH-005",true,DEC-0012,,needs_decision,2026-08-21,,,
ISS-0054,H2P-004,Offshore Water Treatment,cost_evidence,blocker,explicit_gap,"The base-case offshore water-treatment cost is explicitly a placeholder copied from a land-based water-supply category.","The page labels 63 USD2020/kW incomplete and says it should be replaced but includes it in the key assumptions and total cost equation.","The base result uses unsupported evidence contrary to the project rule for unresolved numerical inputs.","Obtain an offshore intake/desalination/polishing estimate or leave cost unresolved and report no closed BOP CAPEX.","METH-002; ARCH-003; ARCH-004",true,DEC-0012,,needs_decision,2026-08-21,,,
ISS-0055,H2P-004,BOP Power and Cost,cross_page_consistency,blocker,cross_page_gap,"The documented constant BOP energy and 1 MW cost reference do not match the executable load-dependent loss curve and 15 MW cost reference.","The page uses 1.0 kWh/kg and 333+63 USD2020/kW at 1 MW while code uses a fifth-order load-loss curve and 364.5 per kW referenced at 15 MW.","Independent implementations produce different hydrogen yield and architecture CAPEX from the same design.","Select and document one power formulation solution order cost reference and valid range then align tests and code.","H2P-003; METH-006; METH-002",false,,,open,2026-08-21,,,
ISS-0056,H2P-004,Equations,clarity,moderate,new_finding,"Display equations use literal square brackets and symbols in parentheses rather than Quarto math delimiters.","Multiple cost and power relationships are written between [ and ] with expressions such as (P_i), unlike the repository's working $$ notation.","Rendered equations are harder to read and can appear as plain text despite otherwise clear prose.","Convert all equations and inline symbols to standard Quarto/LaTeX delimiters and inspect the rendered page.","none",false,,,open,2026-08-21,,,
ISS-0057,H2P-005,Cost Model,cost_evidence,blocker,cross_page_gap,"The 185 EUR/kW conversion-package cost has no stated price year and differs from the executable 100 per kW input.","The page compares currencies/years at face value pending normalisation while hydrogen_params.yaml uses central-electrical-bop_costs_per_MW=100000.","Central hydrogen CAPEX has no authoritative auditable EUR2025 value.","Identify the source year and commercial boundary normalise the adopted value to EUR2025 and align the executable parameter and sensitivity.","METH-002; METH-003; ARCH-003",false,,,open,2026-08-21,,,
ISS-0058,H2P-005,Energy Balance,cross_page_consistency,major,cross_page_gap,"Central conversion efficiency is 97.5 percent on the page and 98.5 percent in the executable parameter file.","H2P-005 defines a 2.5 percent loss while yield_params.yaml defines hydrogen_central_electric_efficiency=0.985.","Central annual stack energy differs by about one percent of incoming energy depending on implementation.","Adopt one net 66 kV-to-stack-DC efficiency and boundary and align documentation code and energy-balance tests.","H2P-003; METH-006",false,,,open,2026-08-21,,,
ISS-0059,H2P-001,Overview,site_structure,moderate,new_finding,"The hydrogen-production overview omits the DC Integration page and does not map centralised versus decentralised calculation paths.","It lists stack power electronics and BOP only and describes the model as dynamic without distinguishing the fixed BOP page model from the legacy dynamic curve.","Readers cannot see which electrical page applies to which architecture or the exact dataflow into the stack.","Add a compact architecture-applicability/dataflow table and link DC Integration while keeping component detail on child pages.","H2P-002; H2P-003; H2P-004; H2P-005",false,,,open,2026-08-21,,,
ISS-0060,WIND-002,Controlled Input,implementation_readiness,moderate,new_finding,"The transformed wind input has no controlled release identifier checksum or reproducible generation command.","The workbook script and fitted CSV exist but are legacy artifacts and the page does not bind the adopted table to an immutable input version.","A later edit or library change can silently change every yield result after provenance is recovered.","Store extraction metadata and checksum alongside a deterministic fit command with pinned dependencies and a regression check for the twelve parameters.","WIND-003; METH-006",false,,,open,2026-08-21,,,
ISS-0061,ELEC-003,Converter Cost Model,technical_correctness,blocker,new_finding,"The DEA 2025 converter-station value is escalated a second time as though it were still a 2020 value.","DEA Table 7 gives 0.27 MEUR/MW as the underlying source-price value and 0.32 MEUR/MW as its 2025 central value with 0.25-0.42 as the 2025 range; the page multiplies 320 by 1.263/1.030 to obtain 392 per terminal.","The adopted converter-pair CAPEX is overstated by about 22.6 percent before the separate offshore-scope uncertainty is considered.","Use the source's 2025 values directly or perform one documented transformation from the 0.27 source-price value; independently verify the intended constant-price convention.","METH-002; METH-003; ARCH-002",false,,,open,2026-08-21,,,
ISS-0062,ELEC-003,Converter Cost Model,reference_evidence,major,explicit_gap,"The offshore converter electrical package is costed with an onshore-station coefficient without a separated offshore electrical-equipment basis.","The page applies the corrected or uncorrected onshore coefficient to both terminals because DEA's offshore value includes the platform; offshore marinisation redundancy packaging and logistics premium are not isolated.","Electricity-export converter CAPEX may omit a material offshore premium or overlap with the platform proxy.","Select an explicit screening treatment: onshore coefficient plus evidenced offshore premium/sensitivity or a matched full-station comparator with a non-overlapping platform split.","PLAT-001; INST-004; METH-002",true,DEC-0013,,needs_decision,2026-08-21,,,
ISS-0063,ELEC-003,Physical Equipment Interface,implementation_readiness,blocker,cross_page_gap,"The converter page provides no equipment mass dimensions block count or lift inventory for platform sizing and installation.","PLAT-001 requires hosted-equipment mass and INST-004 requires lift modules while ELEC-003 supplies only rating CAPEX and aggregate performance.","The offshore platform structure fabrication cost transport and lift feasibility cannot be calculated from the electrical design.","Create a 2 GW reference equipment/block ledger for transformers valves reactors switchgear cooling auxiliaries and major lifts with mass footprint and owner boundaries.","PLAT-001; INST-004",true,DEC-0013,,needs_decision,2026-08-21,,,
ISS-0064,ELEC-001,Executable Electrical Ledger,cross_page_consistency,blocker,cross_page_gap,"The legacy executable does not implement the documented electrical CAPEX OPEX loss availability or link-rating ledger.","Pages use a 785 EUR2025/kW converter pair 1.26 EUR/kW/km cable material load-dependent cable loss two 98.5 percent terminal efficiencies and 2 GW links. Legacy files use 1000000 plus 150000 per MW for offshore/onshore stations 5500 per route-metre 2010 MW links one 98 percent export efficiency and one 97 percent export availability with unsupported OPEX rates.","Published and executed architecture results represent materially different electrical systems and cannot be audited against one another.","After correcting source-page findings designate one canonical parameter set and calculation sequence then align code regression tests and remove superseded legacy factors.","ELEC-003; ELEC-004; ELEC-005; METH-004; METH-006",false,,,open,2026-08-21,,,
ISS-0065,ELEC-004,Cable Supply Cost,cost_evidence,blocker,explicit_gap,"The NREL cable material value has no confirmed source price year and therefore is not an adopted constant-EUR2025 input.","The USD-to-EUR conversion reproduces 2.51 million EUR/km and 1.26 EUR/kW/km but the page and NREL text do not identify a price year suitable for the common escalation convention.","HVDC cable supply CAPEX cannot enter the common cost ledger without an auditable time basis.","Recover the underlying estimate year and index basis or select another material-only source with a clear price year and repeat the common normalisation.","METH-002; METH-003; INST-003",false,,,open,2026-08-21,,,
ISS-0066,ELEC-004,Cable Supply Boundary,cost_boundary,major,explicit_gap,"The material benchmark is not matched to the selected TenneT topology and accessory boundary.","NREL supports a 525 kV 2 GW bipole material rate but the page cannot confirm inclusion of the dedicated metallic return fibre land/subsea transitions joints and normal accessories required by the TenneT system.","Supply items can be omitted or double counted and route-km cost may not describe the physical inventory.","Map every supplied cable and accessory to the benchmark scope and add separate rates or unresolved TODOs for uncovered items.","INST-003; ELEC-005; METH-002",false,,,open,2026-08-21,,,
ISS-0067,ELEC-004,Land Cable Segment,implementation_readiness,blocker,cross_page_gap,"No underground route length or material-only coefficient closes the export cable between landfall and the onshore converter.","ELEC-004 states that the underground coefficient is missing; ELEC-005 states the 80 km base route ends at shore and no L_u is entered.","The physical electrical chain and supply/installation CAPEX stop at landfall rather than the stated onshore grid endpoint.","Define an explicit landfall-to-converter route scenario and a non-overlapping underground cable supply basis or report the architecture cost as unresolved.","ELEC-005; INST-003; ARCH-002",true,DEC-0014,,needs_decision,2026-08-21,,,
ISS-0068,ELEC-004,Electrical Loss Model,model_fidelity,major,explicit_gap,"The preferred hourly cable-loss model lacks an operating-temperature resistance rule and a degraded pole-plus-return path.","Only 0.0072 ohm/km at 20 degrees C is supplied. The time-series equation calls R'(T_t) without a temperature model and the state table does not calculate metallic-return losses during one-pole transfer.","Annual loss is underestimated or cannot be reproduced across conductor choices route lengths and degraded operation.","Adopt a bounded operating resistance or thermal correction with sensitivity and define current/resistance equations for healthy half-capacity and common-outage states.","METH-006; ELEC-003",false,,,open,2026-08-21,,,
ISS-0069,ELEC-004,Installation Interface,implementation_readiness,blocker,explicit_gap,"The cable page does not emit a complete segment-level physical inventory for installation.","One indicative 65 kg/m pole-cable mass and 160 mm diameter are supplied but return fibre underground designs lengths joints pull-ins and accessory masses are not selected or recorded.","INST-003 cannot determine transport payload campaign length handling or installation feasibility for the documented cable system.","Emit one record per cable and route segment with type conductor length mass diameter joint/accessory count pull-in and installation class.","INST-003; ELEC-005",false,,,open,2026-08-21,,,
ISS-0070,ELEC-004,Electrical OPEX,lifecycle_cost,major,cross_page_gap,"Converter cable and onshore electrical OPEX is absent on the pages or implemented only as unsupported legacy CAPEX percentages.","ELEC-003 and ELEC-004 mark OPEX TBD while ELEC-005 has no adopted interface OPEX; legacy parameters apply 2 percent converter 1 percent cable and 2 percent onshore factors without scope or evidence.","Lifecycle cost is incomplete or dependent on undocumented percentages and repair costs may overlap installation/spares categories.","Define inspection maintenance spares planned outage and fault-repair scopes and evidence; keep unresolved categories as TODO rather than silently using legacy factors.","ELEC-003; ELEC-005; METH-002; METH-003; INST-003; INST-004",false,,,open,2026-08-21,,,
ISS-0071,ELEC-005,Onshore Cost Boundary,implementation_readiness,blocker,explicit_gap,"Every project-owned residual onshore cost is unresolved.","The 380 kV bay/extension wider reinforcement and land/planning rows are all TBD or TBC while the architecture endpoint is the onshore PCC.","Electricity-export CAPEX cannot be closed at the stated functional boundary and may be biased low relative to hydrogen.","Adopt a bounded base connection package with explicit inclusions or make the selected PCC and project-assigned costs scenario inputs and withhold a closed result until supplied.","ARCH-002; METH-002; METH-005",true,DEC-0014,,needs_decision,2026-08-21,,,
ISS-0072,ELEC-005,Connection Scenario,implementation_readiness,blocker,new_finding,"The model has no selected PCC route grid-strength or acceptance scenario and no rule for infeasibility reinforcement or curtailment.","The page lists required grid studies and states that a shorter route can reach a weaker node but supplies neither a node class nor a screening constraint. The 80 km legacy route stops at shore.","A technically infeasible or congested grid connection can be treated as feasible with zero reinforcement and no curtailment.","Define connection scenarios with PCC voltage/acceptance route length maximum infeed reactive envelope and reinforcement/curtailment treatment; reject cases lacking the required data.","METH-005; METH-006; ARCH-002",true,DEC-0014,,needs_decision,2026-08-21,,,
ISS-0073,ELEC-005,Switchgear Ownership,cost_boundary,major,cross_page_gap,"The 380 kV switchgear and station connection boundary can overlap the converter package.","ELEC-003 includes immediate AC switchgear while ELEC-005 says the 380 kV switchgear and station connection must be confirmed and its cost row is TBD.","The grid bay may be counted twice or omitted depending on how immediate switchgear is interpreted.","Define the physical termination between converter AC yard and TSO bay and assign each breaker busbar protection metering and connection circuit once.","ELEC-001; ELEC-003; ARCH-005",true,DEC-0014,,needs_decision,2026-08-21,,,
ISS-0074,ELEC-005,Loss and Availability Ownership,cross_page_consistency,major,new_finding,"Onshore converter loss and availability are numerically repeated on ELEC-005 despite ELEC-001 assigning their ownership to ELEC-003.","Both pages state 98.5 percent efficiency and 98 percent availability and say the values are applied once but no executable data contract enforces the single owner.","Independent implementations can double-derate or use conflicting future updates.","Keep the quantitative values and state model only on ELEC-003; let ELEC-005 reference the output and own only additional grid-interface loss curtailment or availability if separately defined.","ELEC-001; ELEC-003; METH-006",false,,,open,2026-08-21,,,
ISS-0075,H2I-001,Pressure and Pipeline Coupling,cross_page_consistency,major,cross_page_gap,"The overview says one lay vessel can install multiple pipelines together while the canonical installation page permits one TCP per actual lay pass until contractor evidence proves another method.","H2I-001 uses shared laying as part of the optimisation rationale. H2I-005 and INST-003 explicitly state that simultaneous multi-pipeline installation must not be assumed. Legacy code divides pipeline count by a parallel factor of three.","Installation pass count and cost can be understated and different pages imply different objective functions.","Use one physical TCP per provisional lay pass and model only shared mobilisation or programme costs with explicit evidence. Add a multi-pipe pass branch only after supplier and contractor qualification.","H2I-005; INST-003; METH-005",false,,,open,2026-08-21,,,
ISS-0076,H2I-002,Pipeline-Length Model,cross_page_consistency,blocker,new_finding,"The square continuous ladder proxy does not consume the rectangular rotated turbine coordinates produced by WIND-003 and smooths the physical rung-count discontinuity.","WIND-003 explicitly instructs infield models to consume its coordinates. H2I-002 instead uses sqrt(A) for every side and sqrt(N) rungs and recommends the 192 km continuous result over the 198 km twelve-rung physical result.","Infield length topology and interfaces can be inconsistent with the wake layout and the optimiser can gain from a non-physical fractional rung.","Derive a deterministic ladder section list from the canonical coordinates and farm boundary. Preserve integer rows headers incomplete-row treatment and every connection; retain the continuous formula only as a validation comparator.","WIND-003; H2I-004; INST-003; METH-005",true,DEC-0015,,needs_decision,2026-08-21,,,
ISS-0077,H2I-002,Capacity and Redundancy Checks,implementation_readiness,blocker,explicit_gap,"No segment-by-segment flow pressure product-class or fault-state calculation establishes header capacity or the claimed two-path redundancy.","The page explicitly says header flow is higher that the current model does not check segments and that redundancy depends on valves isolation and remaining-path capacity. No valve or state topology is supplied.","A nominal ladder can be hydraulically infeasible and the model can claim availability benefits that the surviving path cannot deliver.","Define normal and selected isolation states accumulate hydrogen flow by segment select or reject qualified pipe classes and return delivered capacity for each state. Do not credit redundancy until valve placement and remaining-path capacity pass.","H2I-004; METH-006; ARCH-004",true,DEC-0015,,needs_decision,2026-08-21,,,
ISS-0078,H2I-002,Physical Length and Installation Interface,implementation_readiness,blocker,cross_page_gap,"The page excludes risers tie-ins spool pieces routing slack and connection inventory while legacy code silently adds one sea-depth-plus-burial vertical length per turbine.","H2I-002 reports horizontal proxy length only and lists the missing physical allowances. infra_cost_calculation.py adds N_turb times sea depth plus burial depth to material length but not installation length and supplies no connector records.","Supply CAPEX and installation can use different undocumented physical lengths and cannot determine reel sections loads passes or interface tasks.","Return an explicit section inventory with horizontal routed length risers tie-ins slack connection/valve counts and inclusion flags. Align code and make every missing material quantity not parameterized rather than zero.","H2I-004; INST-003; METH-002",true,DEC-0015,,needs_decision,2026-08-21,,,
ISS-0079,H2I-003,Compression Energy,technical_correctness,major,new_finding,"The thermodynamic and real-gas property assumptions are not controlled consistently across the page figure builder legacy code and cited method.","The equation is an isentropic multistage relation with perfect intercooling but the page labels only a generic compressor efficiency. The figure builder uses Z at arithmetic mean pressure legacy code averages endpoint Z and the cited method states perfect intercooling and evaluates properties at defined average pressure and temperature.","Energy curves and stage duties cannot be exactly reproduced and future property changes can silently alter the pressure optimum.","State isentropic efficiency perfect intercooling suction/intercooler temperature and discharge-temperature checks. Select one average-property method pin CoolProp and use the same tested function for page figures and the executable model.","H2P-004; H2I-004; METH-006",true,DEC-0016,,needs_decision,2026-08-21,,,
ISS-0080,H2I-003,Cost Model,cost_input,blocker,new_finding,"The compressor cost equation omits its numerical reference power and cost currency price year transformation and non-overlapping offshore scope.","The page defines C_comp_ref and P_comp_ref without values and gives only an approximate 56 EUR/kW-electrolyser point. The source gives UC=3083.3 CAD2019 times motor-kW^0.8335 with installation factor 2.0; legacy code embeds a transformed coefficient of 5138 without documenting it on the page.","An implementer cannot reproduce CAPEX and the onshore total-installed-cost factor can overlap separately modelled platform integration or offshore installation.","Publish the complete motor-power coefficient and transformation or an equivalent reference pair with units price year and scope. Separate equipment offshore packaging platform structure hook-up and indirect costs so each is booked once.","PLAT-001; INST-002; INST-004; METH-002; METH-003",true,DEC-0016,,needs_decision,2026-08-21,,,
ISS-0081,H2I-003,Architecture Scaling,model_fidelity,blocker,new_finding,"One unbounded compressor power-law is applied to both turbine and farm scale without technology train-rating redundancy or turndown steps.","The cited source distinguishes large high-flow pipeline compressors from small high-ratio units sets a 16000 kW maximum large-compressor rating and assumes multiple units above it. The page acknowledges multiple central trains but still costs one farm-level compressor.","The smooth exponent can create unsupported farm-scale economies and predetermine the centralised-versus-decentralised comparison.","Adopt architecture-specific compressor types and bounded train packages with maximum rating count spare philosophy turndown and discrete scaling; withhold comparison outside the evidence range.","ARCH-003; ARCH-004; PLAT-001; TURB-003; METH-005",true,DEC-0016,,needs_decision,2026-08-21,,,
ISS-0082,H2I-003,Operating Cost,cost_input,major,cross_page_gap,"Compressor OPEX is 3 percent of CAPEX on the page 2 percent in legacy code and neither matches the cited source scope.","The source separates labour and electricity and uses 4 percent of TIC for fixed O&M plus insurance tax and licensing percentages. The page supplies no derivation for 3 percent and hydrogen_params.yaml uses 2 percent.","Lifecycle cost is not reproducible and maintenance or insurance scope can be omitted or double counted.","Define a non-overlapping offshore compressor OPEX ledger for planned maintenance labour spares fault repair and other project costs; retain unresolved terms as TODOs and align page and code.","METH-002; METH-003; METH-006",false,,,open,2026-08-21,,,
ISS-0083,H2I-003,Physical Equipment Interface,implementation_readiness,blocker,cross_page_gap,"The compressor page provides no train mass footprint dimensions or lift inventory for platform turbine and installation models.","H2I-003 supplies motor power and cost only. PLAT-001 and turbine/foundation pages require supported mass while installation pages require transport and lift modules.","Platform and turbine feasibility structural cost and installation cannot close and distributed compression receives no physical penalty.","For each selected train/package return mass footprint envelope module count largest lift and architecture-specific support/interface requirements with source or explicit unresolved status.","PLAT-001; TURB-003; INST-002; INST-004",true,DEC-0016,,needs_decision,2026-08-21,,,
ISS-0084,H2I-004,Capacity Model,technical_correctness,major,new_finding,"The implemented gas-flow relation is not the cited General Flow Equation and has no benchmark or velocity qualification.","Transition Accelerator uses flow proportional to sqrt(p_in^2-p_out^2) with absolute pressures. The page/code use linear delta-p with density at one average pressure and a Fanning Colebrook rearrangement. No derivation comparison Reynolds-regime or erosional/max-velocity check is reported.","Capacity error can change the ceiling-based pipeline count and selected pressure/diameter design especially near a discrete threshold.","Implement the cited compressible gas-flow equation or provide and benchmark a rigorous alternative against it over every candidate. Add absolute-pressure Reynolds velocity and limiting-condition assertions.","H2I-002; H2I-003; H2I-005; METH-005",true,DEC-0017,,needs_decision,2026-08-21,,,
ISS-0085,H2I-004,Onshore Receipt Pressure,cross_page_consistency,major,new_finding,"The 66 bar pipeline outlet mixes a Dutch network design maximum with an operating receipt condition and does not distinguish gauge from absolute pressure.","Hynetwork specifies 66.2 bar(g) design/maximum operating pressure and a temporary 30-50 bar(g) operating regime. The cited gas equation requires absolute pressure but the page and code pass 66 bar directly and provide no injection differential or terminal pressure-control rule.","Pipeline capacity and compression can be miscalculated and delivery may not satisfy the actual backbone interface without onshore control or recompression.","Define a connection scenario with required operating receipt range minimum differential gauge-to-absolute conversion pressure control and recompression behavior; use design pressure only for product qualification.","ARCH-003; ARCH-004; ARCH-005; H2I-001; H2I-003",false,,,open,2026-08-21,,,
ISS-0086,H2I-004,Product Qualification,implementation_readiness,blocker,new_finding,"No named hydrogen-qualified TCP product defines true internal diameter pressure/temperature/life limits fittings linear mass reel length or installation envelope.","The 8 inch limit comes from the internal model and is treated as internal diameter. Public supplier material describes up to 7.5 inch internal diameter for 8 inch NPS and generic offshore capability but does not qualify the selected hydrogen design point. INST-003 therefore leaves TCP installation unparameterized.","Hydraulic capacity material quantity vessel selection connections permeation and feasibility cannot be tied to one physical product and capacity may be overstated.","Use discrete named or bounded product classes with internal/outer diameter rated pressure temperature service life hydrogen qualification mass bend radius reel length fittings and installation gate. Reject unqualified candidates.","H2I-002; INST-003; METH-005",true,DEC-0017,,needs_decision,2026-08-21,,,
ISS-0087,H2I-004,Material Cost Model,cost_input,blocker,new_finding,"The confidential pipeline cost model is not independently reproducible and its disclosed method description and fit quality are inadequate.","The page calls the surface interpolation but local code uses a global bilinear least-squares regression whose coefficients are intentionally untracked. A controlled check against quote points gives about 19 percent mean absolute percentage error and about 51 percent maximum error. Price year currency quote scope and residual validation are absent.","Material CAPEX and the selected architecture depend on an opaque relation with material approximation error and no public audit path.","Adopt a publishable evidenced cost basis or a governed confidential-input process with version checksum scope price basis fit diagnostics uncertainty and a public validation/fallback range. Do not report a single auditable result from unavailable coefficients.","METH-002; METH-003; METH-005; INST-003",true,DEC-0017,,needs_decision,2026-08-21,,,
ISS-0088,H2I-004,Pressure-Class Costing,model_fidelity,major,new_finding,"Material cost varies smoothly with operating inlet pressure instead of selecting a discrete pipe rated-pressure class at or above design pressure.","Supplier points represent diameter/pressure options but the model evaluates I(D,p_in) continuously. Product reinforcement qualification and cost change by manufactured class and design margin rather than every operating bar.","The optimiser can buy fractionally rated pipe erase product-class thresholds and understate cost or use an infeasible construction.","Enumerate qualified diameter and rated-pressure classes use operating pressure only in hydraulics and select the least class meeting design pressure including margin and external-load criteria.","H2I-003; H2I-005; INST-003; METH-005",true,DEC-0017,,needs_decision,2026-08-21,,,
ISS-0089,H2I-004,Pipeline OPEX,cost_input,major,new_finding,"The 0.5 percent of material CAPEX annual pipeline OPEX has no cited derivation or defined inspection maintenance repair and replacement scope.","The value is listed as an adopted assumption and repeated in legacy parameters without evidence. Installation and availability pages separately discuss repair and outage states but no shared cost boundary exists.","Lifecycle pipeline cost can be biased and fault repair can be omitted or counted twice.","Define planned inspection maintenance and fault-repair scopes with evidence or sensitivities and link repair events to the availability/install-vessel ledger. Leave unsupported cost unresolved.","METH-002; METH-003; METH-006; INST-003",false,,,open,2026-08-21,,,
ISS-0090,INST-001,Section Navigation,site_structure,moderate,new_finding,"The offshore-installation overview links only the cable and pipeline page and does not route readers to the turbine/foundation or platform/substation calculations.","The overview names all asset classes but contains only one direct detail-page link.","Readers cannot use the overview as the section gateway and may miss two canonical installation calculations.","Add direct links to INST-002 through INST-004 with one-line applicability and current-result status descriptions.","INST-002; INST-003; INST-004",false,,,open,2026-08-21,,,
ISS-0091,INST-002,Turbine Campaign,implementation_readiness,blocker,new_finding,"The turbine campaign has no effective site-occupation input and neither campaign has a coherent named vessel/spread record linking logistics limits task times and commercial rate.","The parameter table marks turbine site time TODO and payload/SWL as named-vessel inputs while the shown rate speed and logistics anchors come from different generic and project examples.","Turbine installation duration and cost cannot be calculated and architecture mass effects cannot be tested against a defensible load/lift threshold.","Select separate coherent foundation and turbine campaign records containing method vessel/support concept site occupation payload/deck limit lift envelope speed and matching commercial boundary.","TURB-002; TURB-003; METH-002; METH-005",true,DEC-0018,,needs_decision,2026-08-21,,,
ISS-0092,INST-002,Mobilisation Boundary,technical_correctness,major,new_finding,"The seven-day ORBIT mobilisation input is used as combined mobilisation and demobilisation time.","ORBIT defines mobilization_days as days required to mobilise the vessel to site. INST-002 labels t_mob as fixed mobilisation and demobilisation and assigns it seven days.","A separately chargeable demobilisation can be omitted and both campaign cost and schedule are understated.","Represent mobilisation and demobilisation separately or adopt an evidenced combined term with an explicit commercial and voyage boundary.","METH-002; METH-003",true,DEC-0018,,needs_decision,2026-08-21,,,
ISS-0093,INST-002,Vessel Rate Boundary,cost_input,blocker,new_finding,"The provisional 400000 USD2024/day WTIV rate is not matched to the page's self-shuttling no-feeder campaign configuration or a complete-spread commercial boundary.","The cited ORBIT introduction is a hypothetical example configured with two feeder vessels. The page excludes feeder logistics and uses the WTIV rate for self-shuttling foundation and turbine campaigns while payload SWL and inclusion scope remain unresolved.","Installation cost can omit support vessels or pair productivity and logistics constraints with a rate from a different execution concept.","Adopt one physically and commercially coherent campaign configuration per spread and document vessel support craft crew fuel overhead mobilisation standby and port inclusions before using the rate.","METH-002; METH-003; METH-005",true,DEC-0018,,needs_decision,2026-08-21,,,
ISS-0094,INST-002,Payload Feasibility,technical_correctness,major,new_finding,"A payload result of zero sets per load reaches ceil(N/k) and causes division by zero instead of an infeasible campaign state.","k_payload is floor(M_use/m_set) and k is its minimum with the reference limit; no assertion requires k at least one before N_load=ceil(N/k).","An undersized vessel produces an implementation failure or undefined result rather than a transparent class-change requirement.","Assert positive inputs and return infeasible whenever k_payload or the adopted k is below one before calculating loads.","METH-005",false,,,open,2026-08-21,,,
ISS-0095,INST-002,Excluded Installation Scope,cost_boundary,major,cross_page_gap,"Scour port infrastructure feeder logistics ordinary mitigation commissioning and exceptional foundation work are excluded without a complete downstream owner or aggregate exceptional-cost interface.","The page correctly says excluded activities are not zero but supplies no cost term output contract or owner for several scopes; METH-002 already identifies lifecycle categories without owners and TURB-003 has no scour quantity.","Total installed CAPEX can omit material project scopes or corrections may later double count them.","Create an exclusion/ownership ledger and explicit exceptional-scope output with quantity rate or unresolved status for every excluded activity.","TURB-003; METH-002; METH-003",false,,,open,2026-08-21,,,
ISS-0096,INST-003,Length Conservation,technical_correctness,major,new_finding,"Lay production time uses horizontal route pass-km and omits slack and vertical product that are included in physical supply length and vessel loading.","L_physical=N_parallel L_route(1+s)+L_vert but the one-pass equation uses N_parallel L_route and T_route_lay divides that pass length by lay rate. No other task installs the omitted physical length.","Installation duration and cost do not conserve the supplied physical inventory and are understated when slack or vertical allowances are material.","Define whether productivity is product advance or horizontal route advance and include every installed length in production or a separate evidenced handling term; assert physical-length conservation.","ELEC-002; ELEC-004; H2I-002; H2I-004",true,DEC-0019,,needs_decision,2026-08-21,,,
ISS-0097,INST-003,Lay Transit,technical_correctness,major,new_finding,"The lay duration includes initial outbound transit and reload round trips but no final site-to-port transit.","T_site_transit is explicitly initial offshore transit; T_port_return contains only reload round trips; T_demob is a separate unresolved fixed term and is not defined to include the final voyage.","Every mobilised lay campaign is short by one return voyage unless a later input silently absorbs it.","Add final return transit per campaign or explicitly define and evidence a demobilisation term that includes it; keep voyage and commercial boundaries visible.","METH-002; METH-003",true,DEC-0019,,needs_decision,2026-08-21,,,
ISS-0098,INST-003,Lay Spread Rate,cost_input,blocker,new_finding,"The ORBIT cable-vessel operating rate does not demonstrate the complete all-in lay-spread inclusions required by the cost boundary.","The page assumes the normalized vessel proxy includes fuel routine workboats tugs and contractor overhead while acknowledging that the source file establishes only an operating vessel with crew.","Cable installation CAPEX can be materially understated and cannot be reconciled to contractor or project benchmarks.","Retain the value as a vessel-only screening proxy or adopt a bounded complete-spread rate with explicit inclusions exclusions standby mobilisation and price basis.","ELEC-002; ELEC-004; METH-002; METH-003",true,DEC-0019,,needs_decision,2026-08-21,,,
ISS-0099,INST-003,Complete Campaign Inputs,implementation_readiness,blocker,new_finding,"Burial and survey productivity and rates demobilisation weather port routing exceptional quantities and complete cable/TCP campaign definitions are unresolved.","The page explicitly withholds total CAPEX and lists each missing term; the only numerical cost proxy is the unverified cable lay-vessel rate and TCP also lacks product task and vessel qualification.","Neither cable nor TCP installation produces the installed-cost output required by total CAPEX and architecture comparison.","Select subclass installation methods and obtain matching campaign scopes task/productivity inputs weather treatment complete spread rates and exceptional-work records; preserve not-parameterized states until then.","ELEC-002; ELEC-004; H2I-002; H2I-004; METH-002; METH-005",true,DEC-0019,,needs_decision,2026-08-21,,,
ISS-0100,INST-003,Candidate Selection,model_fidelity,moderate,new_finding,"The vessel selector minimizes lay-spread cost only and is not sufficient when candidate methods integrate burial or change survey/support scope.","The argmin contains only lay rate times lay time plus lay fixed cost while the page separately allows integrated lay-and-bury configurations.","A lower lay cost can select a higher total installation-cost method or compare candidates with non-equivalent boundaries.","Apply the lay-only selector only to separated equivalent-scope campaigns; compare integrated alternatives on total non-overlapping installation cost and qualification.","METH-005",true,DEC-0019,,needs_decision,2026-08-21,,,
ISS-0101,INST-004,Physical Installation Inventory,implementation_readiness,blocker,cross_page_gap,"Platform installation lacks jacket pile and topside module records and does not screen pile lifting handling or transport feasibility.","PLAT-001 emits no structural or lift inventory. INST-004 checks only jacket mass and the largest topside module although the piled-jacket campaign explicitly installs piles.","The selected foundation/topside class can be physically infeasible and campaign counts durations and transport needs cannot be derived.","Return jacket pile and module counts masses dimensions and lift records from PLAT-001 and screen the governing item for each selected campaign concept.","PLAT-001; ARCH-003; ELEC-003; H2I-003",true,DEC-0020,,needs_decision,2026-08-21,,,
ISS-0102,INST-004,Commercial Campaign Inputs,cost_input,blocker,new_finding,"All three complete-spread rates mobilisation cost jacket/topside logistics and hook-up duration required for platform installation CAPEX are unresolved.","The page adopts no public or project rates and its only numerical durations are net placement anchors.","No platform/substation installation CAPEX can be calculated for any architecture.","Select an evidenced reference execution concept and obtain normalized non-overlapping rates mobilisation logistics hook-up and exceptional-work inputs for that concept.","PLAT-001; METH-002; METH-003; METH-005",true,DEC-0020,,needs_decision,2026-08-21,,,
ISS-0103,INST-004,Topside Duration Basis,reference_evidence,major,new_finding,"A CVOW duration stated per complete topside is applied as 2.5 days for every arbitrary topside-module lift.","The source says each offshore-substation topside takes approximately 2.5 net days to install; it does not provide 2.5 days per module or a split-topside scaling rule.","Changing module count creates an unsupported linear duration and cost step and can bias comparison between lift concepts.","Use the anchor per complete comparable topside or adopt module-specific placement mating and hook-up task evidence for split-topside concepts.","PLAT-001; METH-005",true,DEC-0020,,needs_decision,2026-08-21,,,
ISS-0104,INST-004,Commissioning Boundary,cost_boundary,blocker,new_finding,"Platform hook-up and commissioning are not reconciled with cable pull-in termination and final connection owned by INST-003.","The cited CVOW 60-day total covers complete construction installation and commissioning of three topsides and describes final array/export cable connection; INST-004 excludes cable installation pull-in and termination to INST-003.","Using the project total can double count cable-interface vessel time while omitting it leaves the commissioning duration unsupported.","Define a common interface event ledger and reconcile net placement logistics hook-up testing and cable connection exactly once before adopting an aggregate campaign anchor or rate.","INST-003; ELEC-002; ELEC-004; PLAT-001",true,DEC-0020,,needs_decision,2026-08-21,,,
ISS-0105,METH-001,Section Navigation,site_structure,moderate,new_finding,"The methodology overview describes six child pages but provides no direct links to them.","The sidebar contains all six pages but methodology/overview.qmd contains no QMD link and a reader entering through the Home page must return to sidebar navigation.","The section gateway does not provide the intended reader path from shared boundary and finance conventions through workflow optimization and annualization.","Link the six methodology pages in dependency order while retaining the overview's current concise scope statement.","METH-002; METH-003; METH-004; METH-005; METH-006",false,,COR-01B,closed,2026-08-21,"Added direct dependency-ordered links from the methodology overview to all five detailed methodology pages and aligned the overview to the deterministic contract.","review/correction-validation/COR-01B.md: source link checks and full render passed.",2026-08-21
ISS-0106,REF-001,Active Evidence Set,reference_evidence,major,new_finding,"The published bibliography conflates actively cited evidence uncited background records and unfinished placeholders.","references.qmd uses nocite @* so all 128 entries render although only 88 keys are cited by content pages and five records explicitly remain incomplete. The separate background and source-type lists do not map records to model use.","Readers cannot distinguish adopted evidence from context validation-only material or unresolved records and may treat placeholders as support for model inputs.","Define evidence classes and publish active model use for each adopted source; separate or clearly label background validation rejected and unresolved records instead of presenting one undifferentiated bibliography.","All quantitative pages; ABOUT-001",true,DEC-0022,COR-01A,closed,2026-08-21,"Added one controlled access class and one model-use class to every bibliography record and published per-record status badges plus definitions and totals.","review/correction-validation/COR-01A.md: 128/128 records classified; generated evidence map and rendered bibliography contain 128 records; full site render passed.",2026-08-21
ISS-0107,REF-001,Source Metadata Governance,reference_evidence,major,new_finding,"Source metadata and source-to-input model-use records are incomplete and inconsistent.","Five records explicitly require completion; 36 entries have no year/date and 29 URL entries have no access date. The page promises version year currency confidentiality and model-use notes but does not enforce or display them consistently.","Evidence cannot be maintained or independently rechecked reliably and cost inputs can lose price/scope provenance even when citation keys resolve.","Adopt required metadata by evidence type including exact source location model use access status version/date and cost basis; validate the active set automatically and preserve explicit unresolved status where data cannot be published.","All quantitative pages; review/model-input-register.csv",true,DEC-0022,COR-01A,open,2026-08-21,"COR-01A added enforced access/use classes, but exact dates, access dates, source locations and cost-basis/model-input mappings remain incomplete. Five records are explicitly access-unresolved.","review/correction-validation/COR-01A.md records the passing class validation and residual metadata gap; issue remains open.",
ISS-0108,ABOUT-001,Reproducibility Statement,cross_page_consistency,major,new_finding,"The About page overstates independent reproducibility of confidential inputs and understates the site's public evidence base.","The site actively cites 88 bibliography keys beyond the working Word documents while several reviewed models including the confidential TCP cost relation cannot be reconstructed without unavailable coefficients raw points or controlled files.","A reader can mistake controlled-internal reproducibility for public independent reproduction and misunderstand which results are auditable.","State separate public and controlled-internal reproducibility levels link the evidence policy and describe the current model as incomplete where material confidential or unresolved inputs block independent results.","REF-001; H2I-004; H2P-003; H2P-004",true,DEC-0022,COR-01A,closed,2026-08-21,"Rewrote About to distinguish public from controlled-internal reproducibility, state current development readiness, disclose confidential-evidence limits and link the evidence catalog.","review/correction-validation/COR-01A.md: source checks and full site render passed.",2026-08-21
ISS-0109,ABOUT-001,Published Model Status,site_structure,moderate,new_finding,"The sidebar completion percentages are undefined and conflict materially with calculation readiness and open findings.","Fourteen blocked pages display completion of 80 percent or more and ARCH-003 and ARCH-004 display 100 percent despite blockers. The progress script labels the values percent complete and no published legend distinguishes editorial completion from model readiness.","Readers can interpret polished prose as an executable validated model and may rely on blocked calculations or architecture claims.","Define completion semantics and publish model readiness/evidence status separately or replace the percentage with controlled statuses linked to unresolved inputs and validation.","All pages; HOME-001; METH-001",true,DEC-0021,COR-01A,closed,2026-08-21,"Replaced published completion percentages with controlled model-readiness badges sourced from QMD front matter; sections inherit the least-ready calculation child and About publishes the legend.","review/correction-validation/COR-01A.md: 41/41 QMD statuses match the page register; generated map and all 41 rendered pages include the readiness helper; full site render passed.",2026-08-21
