input_id,page_id,symbol,name,value_or_equation,unit,input_class,source_citation,source_location,price_year,currency,scope,normalisation,uncertainty,downstream_consumers,verification_status,issue_ids,notes
INP-0001,ELEC-002,P_target,Target wind-farm capacity,scenario value,MW,scenario_input,,Scenario definition,,,Array-network sizing,None,Scenario dependent,"N_turb; P_farm; n_string",not_applicable,,Must be positive
INP-0002,ELEC-002,P_turb,Turbine rated power,model variable,MW,scenario_input,,TURB-002,,,One turbine,None,Model range not yet reconciled with cable voltage,"N_turb; n_turb/string",not_checked,ISS-0005,
INP-0003,ELEC-002,P_string,Usable active-power rating per radial string,64-66,MW,modelling_assumption,tennet2015JTubes,String Capacity Model,,,One feeder connection,None,"Interval can span discrete turbine-count thresholds","n_turb/string; n_string; feeder bays",partially_verified,"ISS-0004; ISS-0005",TenneT evidence supports a conservative 64 MW basis
INP-0004,ELEC-002,V_array,Array-system nominal voltage,66,kV,sourced_input,"carbonTrust2014SixtySixKV; nexans2018Borssele66KV; tennet2024TwoGWProgram",Why 66 kV Is the Reference Voltage,,,Fixed-bottom static array network,None,132 kV future option,"cable rating; switchgear; losses",verified,ISS-0011,
INP-0005,ELEC-002,D,Rotor diameter,upstream model value,m,scenario_input,,WIND-003/TURB-002,,,Turbine and layout,None,Scenario dependent,"d_x; d_y; coordinates",not_checked,,
INP-0006,ELEC-002,s_x,Along-string turbine spacing,upstream model value,rotor diameters,scenario_input,,WIND-003,,,Layout,None,Scenario dependent,"d_x; coordinates",not_checked,,
INP-0007,ELEC-002,s_y,Cross-string turbine spacing,upstream model value,rotor diameters,scenario_input,,WIND-003,,,Layout,None,Scenario dependent,"d_y; coordinates",not_checked,,
INP-0008,ELEC-002,A_farm,Gross farm area,scenario value,km2,scenario_input,,Scenario definition,,,Site boundary,None,Scenario dependent,"coordinate feasibility; validation",not_checked,,
INP-0009,ELEC-002,aspect_ratio,Farm-boundary aspect ratio,scenario value,dimensionless,scenario_input,,Scenario definition,,,Site boundary,None,Scenario dependent,"coordinate feasibility; cable length",not_checked,,
INP-0010,ELEC-002,"(x_OSS,y_OSS)",Offshore collection-point coordinate,unresolved,km,unresolved_input,,Cable-Length Model,,,Layout topology,None,Materially changes first section of each string,"E; L_horizontal",unsupported,ISS-0001,No owner or placement rule defined
INP-0011,ELEC-002,r,Pre-route length allowance,20%,dimensionless,modelling_assumption,internalModelDescription2026,Routing allowance,2026,,Pre-route horizontal length,None,5-20% suggested sensitivity,"L_array; supply CAPEX; installation",unsupported,ISS-0008,Internal source provides an ad hoc rationale only
INP-0012,ELEC-002,L_pull-in,Total vertical and interface cable length,unresolved,km,unresolved_input,,Cable-Length Model,,,All turbine and platform pull-ins,None,Water depth and interface geometry required,"L_array; supply CAPEX; installation",unsupported,ISS-0002,
INP-0013,ELEC-002,c_cable,Blended cable-supply unit cost,400,EUR2025/m,modelling_assumption,"orbit2026Cable185; orbit2026Cable630; prysmian2019HollandseKustZuid; prysmian2019AnnualReport",Cost Model,2025,EUR,"Cable and stated normal supply accessories; installation excluded","ORBIT USD2024 values converted with CPI-U and ECB FX; historical comparator left in 2019 EUR",200-600 engineering sensitivity,"C_supply; C_OPEX",partially_verified,"ISS-0006; ISS-0007; ISS-0013; ISS-0014",Adopted value is not a calculated blend
INP-0014,ELEC-002,f_OPEX,Annual cable OPEX allowance,2%/year,1/year,modelling_assumption,"oreCatapult2022SPARTA; oreCatapult2023ELECTRODE",OPEX Allowance,,,Inspection and physical repair provision; lost generation excluded,None,1-3%/year suggested sensitivity,"annual cost; LCOE",unsupported,ISS-0009,Cited evidence does not derive the percentage
INP-0015,ELEC-002,A_array,Array-network energy-equivalent availability,99.0%,dimensionless,modelling_assumption,,Reliability and Availability,,,Array network,None,No sensitivity supplied,"annual delivered energy; LCOE",unsupported,ISS-0010,Flat aggregate factor
INP-0016,ELEC-002,I_185,ORBIT 185 mm2 cable current rating,445,A,sourced_input,orbit2026Cable185,Public Reference Cable Data,2024,USD,ORBIT screening cable at stated 2 m burial,None,Installed-condition transferability,"cable selection; string segment capacity",verified,ISS-0013,
INP-0017,ELEC-002,m_185,ORBIT 185 mm2 cable linear mass,26.1,t/km,sourced_input,orbit2026Cable185,Public Reference Cable Data,2024,USD,ORBIT screening cable,None,Product-specific,"installation loading; supply inventory",verified,ISS-0013,
INP-0018,ELEC-002,c_185,ORBIT 185 mm2 cable procurement rate,219,EUR2025/m,derived_result,"orbit2026Cable185; bls2024CPI; bls2025CPI; ecb2025USDEUR",Public Reference Cable Data,2025,EUR,Cable procurement input; exact accessory boundary not stated,"241542 USD2024/km x 0.9082413 EUR2025/USD2024",General CPI-U mismatch,"supply CAPEX",verified,"ISS-0007; ISS-0013",Calculated value is 219.38 EUR2025/m before rounding
INP-0019,ELEC-002,I_630,ORBIT 630 mm2 cable current rating,775,A,sourced_input,orbit2026Cable630,Public Reference Cable Data,2024,USD,ORBIT screening cable,None,"Burial-depth basis needs a supporting method citation","cable selection; string segment capacity",partially_verified,ISS-0013,
INP-0020,ELEC-002,m_630,ORBIT 630 mm2 cable linear mass,42.5,t/km,sourced_input,orbit2026Cable630,Public Reference Cable Data,2024,USD,ORBIT screening cable,None,Product-specific,"installation loading; supply inventory",verified,ISS-0013,
INP-0021,ELEC-002,c_630,ORBIT 630 mm2 cable procurement rate,590,EUR2025/m,derived_result,"orbit2026Cable630; bls2024CPI; bls2025CPI; ecb2025USDEUR",Public Reference Cable Data,2025,EUR,Cable procurement input; exact accessory boundary not stated,"650000 USD2024/km x 0.9082413 EUR2025/USD2024",General CPI-U mismatch,"supply CAPEX",verified,"ISS-0007; ISS-0013",Calculated value is 590.36 EUR2025/m before rounding
INP-0022,ELEC-002,V_array_future,Future array-system voltage option,132,kV,unresolved_input,carbonTrust2022HighVoltageArrays,Current Assumptions and Sensitivities,,,Future fixed-bottom array network,None,No component parameter set supplied,"cable capacity; cost; loss; switchgear; platform",unsupported,ISS-0011,Not currently executable as a sensitivity
INP-0023,METH-003,,Canonical monetary basis,2025,year,modelling_assumption,,Canonical Monetary Basis,2025,EUR,All costs combined in model results,None,Requires source-specific restatement,"all component CAPEX and OPEX",not_applicable,,Convention is clear
INP-0024,METH-003,FX_EUR/USD_2025,ECB annual-average exchange rate,1/1.1300,EUR/USD,sourced_input,ecb2025USDEUR,Currency and Price-Year Normalisation,2025,EUR/USD,USD costs converted after source-currency escalation,None,Annual-average convention,"all USD cost inputs",verified,,ECB dataset and arithmetic checked
INP-0025,METH-003,G_market,Geographic-market adjustment,1.0,dimensionless,modelling_assumption,,Currency and Price-Year Normalisation,2025,,Separately evidenced market adjustment only,None,May differ only with scoped evidence,"normalised component costs",verified,,Default avoids unsupported generic uplifts
INP-0026,METH-003,r,Real weighted average cost of capital,6.6%,1/year,modelling_assumption,,Annualisation,,,Whole project real discount basis,None,Evidence and sensitivity range unresolved,"CRF; annualised CAPEX; LCOE",unsupported,ISS-0018,Provisional base value retained by DEC-0004
INP-0027,METH-003,n,Project economic lifetime,25,year,modelling_assumption,,Project Financial Assumptions,,,Whole project,None,Universal screening convention,"CRF; replacements; decommissioning; annual cost",not_applicable,,DEC-0004 fixes 25 years and zero residual value at the project endpoint
INP-0028,METH-003,CRF,Capital recovery factor,"r(1+r)^n/((1+r)^n-1) = 0.0827414",1/year,derived_result,,Capital Recovery Factor,,,Lifecycle capital basis,None,Simple CRF without timing discount,"annualised capital; carrier cost",verified,,Arithmetic independently reproduced for r=6.6% and n=25 years
INP-0029,METH-003,m_markup,Manufactured-to-purchased equipment markup,1.5,dimensionless,modelling_assumption,badgett2024PEMCost,Manufactured-Cost Markup,2025,EUR,"Selected NREL PEM stack BOP and power-electronics manufactured costs",Applied before project installation and soft costs,No evidence range,"H2P-003; H2P-004; H2P-005",unsupported,,Source defines manufactured boundary but not markup
INP-0030,METH-005,A_site,Site boundary or declared area,user-supplied case,km2,scenario_input,,Master User-Input Contract,,,Site and layout record,None,Boundary and admissible range owned by WIND-003,"layout; areal yield",not_checked,ISS-0034,Must be part of one unambiguous layout definition
INP-0031,METH-005,N_turb,Turbine count,user-supplied within declared layout record,count,scenario_input,,Master User-Input Contract,,,Farm design,None,Role depends on adopted layout method,"layout; farm capacity; networks",not_checked,"ISS-0034; ISS-0035",Must not conflict with an independently supplied spacing or coordinate record
INP-0032,METH-005,a,Architecture,"electricity; centralised hydrogen; decentralised hydrogen",category,scenario_input,,Master User-Input Contract,,,Complete model branch,None,Three pure Tier 1 architectures,"component inclusion; workflow branch",verified,,Architecture definitions are clear
INP-0033,METH-005,f_stack,Hydrogen stack overplant factor,user-supplied case,dimensionless,scenario_input,,Master User-Input Contract,,,Hydrogen configurations,None,Admissible range unresolved,"stack sizing; efficiency; CAPEX",not_checked,ISS-0048,Deterministic user input; not optimized internally
INP-0034,METH-005,p_pipe,Hydrogen operating pressure,user-supplied case,bar,scenario_input,,Master User-Input Contract,,,Hydrogen system with inlet/outlet basis,None,Admissible range and coupled compression basis unresolved,"compression; pipeline capacity; pipeline cost",not_checked,"ISS-0079; ISS-0084; ISS-0085",Deterministic user input; not optimized internally
INP-0035,METH-005,D_pipe,Hydrogen pipeline product class,user-supplied discrete record,class,scenario_input,,Master User-Input Contract,,,Hydrogen pipeline system,None,Qualified product set unresolved,"pipeline count; capacity; cost",not_checked,"ISS-0086; ISS-0088",Deterministic user input; not optimized internally
INP-0036,METH-005,P_HVDC_block,HVDC reference-link rating,2,GW/link,modelling_assumption,"tennet2024TwoGWProgram; tennet2025TwoGWStandard",Shared Fixed Parameters,,,TenneT reference link,None,Link count and partial-use behavior remain component-owned,"HVDC link count; export constraint; CAPEX",verified,,Sourced at point of use and linked to ELEC-003/004
INP-0037,METH-006,HHV_H2,Hydrogen higher heating value,39.4,kWh/kg,sourced_input,nrel2009ElectrolysisCost,Energy Basis,,,Hydrogen landed mass converted to HHV energy,None,"Rounded from 39.42 kWh/kg; liquid-water combustion product","hydrogen annual energy; EUR/MWh and EUR/kg conversion",verified,,Authoritative source cited at point of introduction
INP-0038,METH-006,A_turb_e,Electricity-architecture turbine subsystem availability,unresolved,dimensionless,unresolved_input,,Side-by-Side Architecture Ledger,,,Non-overlapping turbine generation subsystem,None,Legacy 98.0% is not adopted without evidence,"annual delivered electricity",unsupported,ISS-0025,Component owner must supply scoped annual subsystem factor
INP-0039,METH-006,A_array,AC infield collection subsystem availability,unresolved,dimensionless,unresolved_input,,Side-by-Side Architecture Ledger,,,Electricity and centralised-hydrogen AC collection,None,Legacy 99.0% is not adopted without evidence,"annual delivered electricity and hydrogen",unsupported,"ISS-0010; ISS-0025",Component owner must supply architecture-applicable factor
INP-0040,METH-006,A_station,Generic integrated-station availability,not adopted,dimensionless,unresolved_input,,Legacy Availability Values,,,Generic platform/station factor,None,Legacy 98.0% boundary overlaps component subsystems,"none until non-overlapping scope is defined",unsupported,ISS-0025,Replaced by explicit architecture-ledger subsystem rows
INP-0041,METH-006,A_HVDC,HVDC export subsystem availability,unresolved,dimensionless,unresolved_input,,Side-by-Side Architecture Ledger,,,HVDC export system,None,Legacy 99.0% is not adopted without evidence,"annual delivered electricity",unsupported,ISS-0025,Component owner must supply scoped annual subsystem factor
INP-0042,METH-006,A_onshore,Onshore electrical-conversion availability,unresolved,dimensionless,unresolved_input,,Side-by-Side Architecture Ledger,,,Onshore electrical conversion inside endpoint,None,Legacy 98.0% is not adopted without evidence,"annual delivered electricity",unsupported,ISS-0025,Component owner must supply scoped annual subsystem factor
INP-0043,METH-006,A_turb_h,Integrated turbine-hydrogen subsystem availability,unresolved,dimensionless,unresolved_input,,Side-by-Side Architecture Ledger,,,Decentralised integrated production boundary,None,Legacy 98.5% boundary unresolved,"annual delivered hydrogen",unsupported,ISS-0025,Joint owner must prevent turbine and electrolyser double derating
INP-0044,METH-006,A_elx,Central electrolyser production subsystem availability,unresolved,dimensionless,unresolved_input,,Side-by-Side Architecture Ledger,,,Central stack BOP and power-electronics boundary,None,Legacy 98.5% conflicts with 99.5% stack claim,"annual hydrogen production",unsupported,ISS-0025,No legacy value is adopted by COR-01B
INP-0045,METH-006,A_comp,Compression subsystem availability,unresolved,dimensionless,unresolved_input,,Side-by-Side Architecture Ledger,,,Architecture-specific compression system,None,Legacy 99.0% is not adopted without evidence,"annual delivered hydrogen",unsupported,ISS-0025,Parallel-unit or redundancy effects must be pre-combined
INP-0046,METH-006,A_H2_infield,Hydrogen infield-collection availability,unresolved,dimensionless,unresolved_input,,Side-by-Side Architecture Ledger,,,Decentralised hydrogen infield network,None,100% may be a zero-outage scenario only,"annual delivered hydrogen",unsupported,ISS-0025,Not an evidence-backed reliability result
INP-0047,METH-006,A_H2_export,Hydrogen export-system availability,unresolved,dimensionless,unresolved_input,,Side-by-Side Architecture Ledger,,,Centralised and decentralised export pipelines,None,100% may be a zero-outage scenario only,"annual delivered hydrogen",unsupported,ISS-0025,Not an evidence-backed reliability result
INP-0048,H2P-003,A_stack,PEM stack availability,99.5%,dimensionless,modelling_assumption,,Availability,,,PEM stack,None,No sensitivity,"annual hydrogen production",unsupported,"ISS-0024; ISS-0025",Conflicts with shared 98.5% electrolyser value
INP-0049,WIND-002,"v_t; theta_t",Legacy hourly wind series,"87601 records; 2008-01-01 to 2017-12-29",m/s and degree,sourced_input,@dutchOffshoreWindAtlas,Source Basis,,,Unidentified DOWA extraction,None,Missing final 72 hours and extraction metadata,"sector fits; all energy",partially_verified,ISS-0031,Workbook continuity and columns independently checked
INP-0050,WIND-002,Delta_theta,Direction-sector width,30,degree,modelling_choice,,Direction Sectors,,,All directions,None,Fixed,"p_s; k_s; c_s",verified,ISS-0032,Stored labels are lower edges
INP-0051,WIND-002,p_s,Directional probability vector,"0.0340;0.0630;0.0501;0.0498;0.0595;0.0570;0.1135;0.1703;0.1317;0.0868;0.0812;0.0678",dimensionless,derived_result,,Fitted Legacy Inputs,,,Legacy wind series,None,Sampling uncertainty not reported,WIND-003,verified,"ISS-0031; ISS-0032; ISS-0033",Matches fitted CSV within rounding
INP-0052,WIND-002,k_s,Weibull shape vector,"2.004;2.322;2.147;1.924;1.845;1.969;2.383;2.500;2.306;2.163;2.182;2.173",dimensionless,derived_result,,Fitted Legacy Inputs,,,Legacy wind series,None,Fit uncertainty not reported,WIND-003,verified,"ISS-0031; ISS-0033",Sector order 0 to 330 degrees by 30
INP-0053,WIND-002,c_s,Weibull scale vector,"9.607;9.824;8.866;8.717;9.158;10.598;13.229;14.151;12.545;10.731;10.171;9.951",m/s,derived_result,,Fitted Legacy Inputs,,,Legacy wind series,None,Fit uncertainty not reported,WIND-003,verified,"ISS-0031; ISS-0033",Sector order 0 to 330 degrees by 30
INP-0054,WIND-002,Delta_v_wake,PyWake wind-speed step,0.5,m/s,numerical_assumption,,Numerical Use,,,0 to 30 m/s,None,Convergence not reported,"WIND-003 power/AEP",not_validated,ISS-0033,
INP-0055,WIND-002,Delta_v_H2,Hydrogen-yield wind-speed step,0.25,m/s,numerical_assumption,,Numerical Use,,,Midpoints from 0 to 40 m/s,None,Convergence and reconciliation not reported,H2P-003,not_validated,ISS-0033,
INP-0056,WIND-003,D_wake,Wake-model rotor diameter,236,m,model_input,,Turbine definition,,,Synthetic 15 MW turbine,None,Conflicts with controlled reference,"layout; wakes",inconsistent,ISS-0036,
INP-0057,WIND-003,H_h_wake,Wake-model hub height,150,m,model_input,,Turbine definition,,,Synthetic 15 MW turbine,None,Conflicts with TURB-002 default,wakes,inconsistent,ISS-0036,
INP-0058,WIND-003,TI,Ambient turbulence intensity,0.058,dimensionless,modelling_assumption,,Wake model configuration,,,All layouts,None,No sensitivity,wake losses,unsupported,ISS-0037,
INP-0059,WIND-003,phi,Layout orientation,30,degree,modelling_assumption,,Layout definition,,,All layouts,None,Not varied,"coordinates; wake loss",unsupported,ISS-0037,
INP-0060,WIND-003,s_min,Minimum turbine spacing,3,rotor diameters,feasibility_assumption,,Spacing Feasibility,,,All layouts,None,Threshold unsupported and not enforced,layout feasibility,unsupported,ISS-0035,
INP-0061,WIND-003,"P(v); C_T(v)",Synthetic power and thrust curves,"15 MW rated; Ct about 0.8 from 3 to 25 m/s",MW and dimensionless,modelling_assumption,,Turbine Definition,,,Wake turbine,None,Not benchmarked,"gross power; wakes",unsupported,ISS-0036,Power reaches rated around 11.5 m/s despite nominal 12 m/s statement
INP-0062,TURB-002,"P; D; H_h",Turbine design inputs,scenario values,"MW; m; m",design_input,,Parametric Inputs,,,One turbine,None,Design range not specified,"component masses; costs",not_applicable,ISS-0036,
INP-0063,TURB-002,h_clear,Default lower-tip clearance,15,m,modelling_assumption,,Parametric Inputs,,,Mean-sea-level clearance,None,Site sensitivity absent,"hub height; tower length",unsupported,ISS-0036,
INP-0064,TURB-002,v_tip,Maximum tip speed,95,m/s,modelling_assumption,@gaertner2020IEA15,Fixed Model Assumptions,,,Direct-drive turbine,None,Fixed,"rated speed; torque",verified,,Consistent with IEA 15 MW reference
INP-0065,TURB-002,eta,Drivetrain efficiency,0.95,dimensionless,modelling_assumption,,Fixed Model Assumptions,,,Rated torque calculation,None,No sensitivity,rated torque,unsupported,,
INP-0066,TURB-002,revision,WISDEM source revision,584c39191b61ab2654c1f1fab2871e0f5bec4064,git revision,sourced_implementation,@wisdemSource2026,Role and Scope,,,WISDEM CSM,None,Pinned,"all turbine equations",verified,,
INP-0067,TURB-002,c_turb_ref,Reference turbine CAPEX,1700,USD2022/kW,sourced_input,@stehly2023CostWind,Cost Calibration,2022,USD,12 MW offshore turbine,Convert through METH-003,Source-range uncertainty,"RNA/tower calibration",verified,ISS-0039,"Split 1462 RNA and 238 tower"
INP-0068,TURB-002,m_turb_example,Known-component turbine mass,1552.8,t,derived_result,,Worked Example,,,15 MW 236 m turbine,None,Electrical items excluded,TURB-003,verified,ISS-0038,
INP-0069,TURB-002,C_turb_example,Calibrated turbine supply cost,25.783,USD2022 million,derived_result,,Worked Example,2022,USD,Known-component 15 MW turbine,Convert through METH-003,Electrical boundary incomplete,LCOE,verified,"ISS-0038; ISS-0039",
INP-0070,TURB-003,"m_MP_ref; m_top_ref; d_ref",Foundation surrogate anchors,"1318;1877;30","t; t; m",sourced_input,@gaertner2020IEA15,Monopile Mass,,,IEA 15 MW reference,None,Reference scope uncertainty,monopile mass,partially_verified,ISS-0041,
INP-0071,TURB-003,m_MP,Monopile mass equation,"1318*(m_top/1877)*(d/30)",t,model_equation,,Monopile Mass,,,15 to 22 MW and 30 to 60 m stated range,None,Structural uncertainty not quantified,"CAPEX; installation",verified,ISS-0041,Arithmetic checks reproduce
INP-0072,TURB-003,c_MP_range,Finished monopile cost range,"250 to 350",USD2022/kW,sourced_input,@fuchs2024OffshoreCost,Monopile Supply Cost,2022,USD,"12 to 20 MW at 40 m; excludes transport/installation",Convert through METH-003,Range supplied,unit-cost derivation,verified,ISS-0042,
INP-0073,TURB-003,f_TP,Transition-piece cost fraction,"0.50 to 0.75; baseline 0.625",fraction,sourced_input,@fuchs2024OffshoreCost,Monopile Supply Cost,2022,USD,Relative to monopile supply cost,Convert through METH-003,Range supplied,foundation CAPEX,verified,ISS-0043,Mass counterpart missing
INP-0074,H2P-003,P_module,PEM stack module rating,"approximately 1 page; 2.5 code",MW,modelling_assumption,,Modularity,,,Each module,None,Architecture sensitivity,integration,inconsistent,ISS-0048,
INP-0075,H2P-003,l_min,Minimum module load,"approximately 10 page; 9.5 code",percent,modelling_assumption,,Module Switching,,,One active module,None,Operating-condition sensitivity,hydrogen yield,inconsistent,ISS-0048,
INP-0076,H2P-003,d_deg,Stack efficiency degradation,0.18,percent per 1000 FLH,modelling_assumption,,Degradation,,,Linear with accumulated FLH,None,No cited uncertainty,"yield; replacement",unsupported,ISS-0049,
INP-0077,H2P-003,d_EOL,EOL efficiency loss,10,percent,modelling_assumption,,Degradation,,,Replacement threshold,None,No cited uncertainty,replacement timing,unsupported,"ISS-0049; ISS-0050",
INP-0078,H2P-003,c_stack_NREL,Stack manufactured cost at 1000 MW/year,164,USD2020/kW,sourced_input,@badgett2024PEMCost,Cost Model,2020,USD,1 MW NREL reference case,Not completed,Manufacturing-volume sensitivity,stack CAPEX,verified,ISS-0051,
INP-0079,H2P-003,c_stack_adjusted,Adjusted stack cost candidate,"112 before markup; page states 100 EUR/kW CHECK",mixed,derived_assumption,@badgett2024PEMCost,Cost Model,2020,mixed,Altered current density and manufacturing volume,Incorrect/incomplete,High,stack CAPEX,not_verified,ISS-0051,
INP-0080,H2P-004,c_BOP_ref,Non-water BOP purchase-cost reference,333,USD2020/kW,sourced_plus_assumption,@badgett2024PEMCost,NREL Reference Cost,2020,USD,"1 MW land-based; 50 percent markup",Not completed,Offshore applicability uncertain,BOP CAPEX,verified,"ISS-0053; ISS-0055",
INP-0081,H2P-004,c_water_ref,Offshore water-treatment placeholder,63,USD2020/kW,placeholder,@badgett2024PEMCost,Offshore Water Treatment,2020,USD,Land-based water supply with markup,Not completed,Explicitly incomplete,BOP CAPEX,unsupported,ISS-0054,
INP-0082,H2P-004,n_BOP,BOP cost-scaling exponent,0.6,dimensionless,modelling_assumption,@petersTimmerhausWestPlantDesign,Scaling Method,,,Aggregate BOP from 1 MW reference,None,No valid extrapolation range,"central/decentral CAPEX",unsupported,ISS-0053,
INP-0083,H2P-004,e_BOP,Average non-electrical BOP energy,1.0,kWh/kg H2,modelling_assumption,@badgett2024PEMCost,BOP Power Consumption,,,Oversized offshore PEM,None,Range 0.5 to 2.5 discussed,hydrogen yield,inconsistent,ISS-0055,Legacy code uses load-dependent polynomial
INP-0084,H2P-004,w_H2,Water consumption,10,L/kg H2,modelling_assumption,,Desalination,,,Feedwater basis,None,No cited uncertainty,"water flow; desalination power",unsupported,,
INP-0085,H2P-004,e_RO,Reverse-osmosis electricity,5.0,kWh/m3,modelling_assumption,,Desalination,,,Worst-case statement,None,No cited source,BOP power,unsupported,,Gives 0.05 kWh/kg with INP-0084
INP-0086,H2P-005,c_PE,Central 66 kV-to-DC package cost,185,EUR/kW,sourced_assumption,@holst2021ElectrolysisCost,Cost Model,,EUR,Complete purchased conversion package,Missing price-year normalisation,100 to 300 sensitivity,central CAPEX,inconsistent,ISS-0057,Legacy parameter is 100000 per MW
INP-0087,H2P-005,eta_PE,Net central AC-to-DC efficiency,"97.5 page; 98.5 code",percent,modelling_assumption,"@abb2025UNIRECH2; @holst2021ElectrolysisCost",Energy Balance,,,66 kV input to stack DC,None,96 to 98.5 sensitivity,central stack power,inconsistent,ISS-0058,
INP-0088,H2P-005,n_PE,Power-electronics scaling exponent,1.00,dimensionless,modelling_assumption,"@holst2021ElectrolysisCost; @chen2022LargeScaleConverters",Cost Scaling,,,Repeated conversion blocks,None,Block counts not defined,central CAPEX,partially_verified,ISS-0052,
INP-0089,H2P-002,g_DC,Legacy decentralised electric gain,1.025,dimensionless,legacy_code_assumption,,yield_params.yaml,,,Applied after wake farm power,None,No sensitivity,decentral hydrogen yield,inconsistent,ISS-0046,Not documented on source page
INP-0090,H2P-004,c_BOP_code,Legacy BOP cost input,364500,currency/MW,legacy_code_assumption,,hydrogen_params.yaml,,,15 MW reference,None,Currency and price basis unclear,BOP CAPEX,inconsistent,ISS-0055,
INP-0091,H2P-005,c_PE_code,Legacy central electrical BOP cost,100000,currency/MW,legacy_code_assumption,,hydrogen_params.yaml,,,Central architecture,None,Currency and price basis unclear,central CAPEX,inconsistent,ISS-0057,
INP-0092,ELEC-003,P_link,HVDC link rated transfer,2000,MW,sourced_design,"@tennet2024TwoGWProgram; @tennet2025TwoGWStandard",Reference Configuration,,,One complete TenneT link,None,Standard reference,"link count; converter/cable rating",verified,ISS-0023,
INP-0093,ELEC-003,V_pole,Pole voltage,525,kV,sourced_design,"@tennet2024TwoGWProgram; @tennet2025TwoGWStandard",Reference Configuration,,,Bipole with metallic return,None,Fixed reference,"pole current; cable design",verified,,
INP-0094,ELEC-003,I_pole,Full-load pole current,1.905,kA,derived_result,,Reference Configuration,,,2 GW balanced bipole,None,Rounded,"converter; cable losses",verified,,Calculated value 1.90476 kA
INP-0095,ELEC-003,V_collection,Offshore collection voltage,66,kV,sourced_design,@tennet2024TwoGWProgram,Reference Configuration,,,TenneT 2 GW standard,None,Fixed reference,"array/platform interface",verified,ISS-0004,
INP-0096,ELEC-003,n_generation_blocks,Offshore generation blocks,"4 x 500",MW and count,sourced_design,@tennet2024TwoGWProgram,Reference Configuration,,,One 2 GW terminal,None,Discrete,"converter block layout; degraded states",verified,ISS-0063,
INP-0097,ELEC-003,V_grid,Onshore grid voltage,380,kV,sourced_design,"@tennet2024TwoGWProgram; @tennet2025TwoGWStandard",Reference Configuration,,,Dutch standard connection,None,Jurisdiction specific,ELEC-005,verified,ISS-0072,
INP-0098,ELEC-003,c_converter_DEA_2025,DEA onshore DC converter-station 2025 central value,"320; range 250-420",EUR2025/kW,sourced_input,@danishEnergyAgency2025Transport,Converter Cost Model,2025,EUR,"1500-2000 MW onshore DC station including converter transformers AC switchgear busbars filters and ancillary plant",Already 2025 source value,Plus/minus 30 percent source range,converter CAPEX,verified,ISS-0061,Page incorrectly treats this as requiring another escalation
INP-0099,ELEC-003,c_converter_page,Page-adopted two-terminal converter coefficient,"785; range 613-1030",EUR2025/kW,derived_result,@danishEnergyAgency2025Transport,Converter Cost Model,2025,EUR,Two terminals platform excluded,Double escalation applied,Source and offshore-scope uncertainty,LCOE,incorrect,"ISS-0061; ISS-0062",
INP-0100,ELEC-003,eta_terminal,Aggregate converter-terminal efficiency,98.5,percent,modelling_assumption,@hitachiDolWin2,Conversion Losses,,,One terminal including transformation and auxiliaries,None,Fixed with no load curve,"delivered electricity",partially_supported,"ISS-0064; ISS-0074",Comparator reports below 1 percent loss for a different 900 MW system
INP-0101,ELEC-003,A_terminal,Flat converter-terminal availability,98.0,percent,legacy_assumption,,Availability and Degraded Operation,,,Each terminal,None,No evidence,"delivered electricity",unsupported,"ISS-0024; ISS-0025; ISS-0074",
INP-0102,ELEC-004,cable_topology,HVDC cable bundle,"positive pole; negative pole; metallic return; fibre",cable set,sourced_design,"@tennet2024TwoGWProgram; @tennet2025TwoGWStandard",Reference Cable System,,,One 2 GW route,None,Conductor supplier options,"supply; installation; availability",verified,"ISS-0066; ISS-0069",
INP-0103,ELEC-004,A_conductor,Procurement conductor options,"2300 or 2500 Cu; 3100 Al",mm2,sourced_design,@tennet2024TwoGWProgram,Reference Cable System,,,Pole cables,None,Selection rule absent,"resistance; mass; cost",partially_verified,"ISS-0068; ISS-0069",
INP-0104,ELEC-004,R20,Indicative pole-cable resistance,0.0072,ohm/km at 20 C,sourced_input,@prysmian525KVSubmarine,Reference Cable System,,,2500 mm2 copper cable,None,Temperature sensitivity absent,cable loss,verified,ISS-0068,Not a selected project design
INP-0105,ELEC-004,d_cable,Indicative pole-cable diameter,160,mm,sourced_input,@prysmian525KVSubmarine,Reference Cable System,,,2500 mm2 submarine copper cable,None,Approximate,INST-003,partially_verified,ISS-0069,
INP-0106,ELEC-004,m_cable,Indicative pole-cable linear mass,65,kg/m,sourced_input,@prysmian525KVSubmarine,Reference Cable System,,,2500 mm2 submarine copper cable,None,Approximate and not full bundle,INST-003,partially_verified,ISS-0069,
INP-0107,ELEC-004,c_HVDC_material,NREL 2 GW 525 kV bipole material rate,"2.51 million EUR/km; 1.26 EUR/kW/km",mixed,sourced_converted,@brinkman2024AtlanticTransmission,Cable-Supply Cost,,EUR,Material only installation separate,USD divided by 1.13; price escalation unresolved,Topology/accessory uncertainty,"cable CAPEX",partially_verified,"ISS-0065; ISS-0066",
INP-0108,ELEC-004,L_export_legacy,Legacy export route length,80,km,scenario_assumption,,infra_params.yaml,,,Route ends at shore,None,Outside TenneT 150-300 km programme range,"cable cost/loss",inconsistent,"ISS-0067; ISS-0072",
INP-0109,ELEC-004,L_TenneT,Programme route range,"150-300",km,sourced_design,@tennet2024TwoGWProgram,Reference Cable System,,,TenneT projects excluding MPI,None,Programme not feasibility bound,"reference validation",verified,,
INP-0110,ELEC-004,lambda_cable,Historical cable-system fault rate,0.07,faults per 100 km-year,sourced_input,@entsoeEuropacable2019Reliability,Reliability and Repair,,,Historical pure-cable HVDC systems,None,Small sample and older systems,"availability states",verified,ISS-0025,
INP-0111,ELEC-004,t_repair,Historical average submarine repair duration,60,days,sourced_input,@entsoeEuropacable2019Reliability,Reliability and Repair,,,Historical submarine cable faults,None,Large project-specific variation,"availability states; OPEX",verified,"ISS-0025; ISS-0070",
INP-0112,ELEC-004,A_cable,Flat HVDC cable availability,99,percent,legacy_assumption,,Current Assumptions,,,Complete cable system,None,No evidence,delivered electricity,unsupported,ISS-0025,
INP-0113,ELEC-004,P_link_code,Legacy export cable capacity,2010,MW,legacy_code_assumption,,infra_params.yaml,,,One counted export link,None,Differs from 2 GW page basis,"link count; CAPEX",inconsistent,"ISS-0023; ISS-0064",
INP-0114,ELEC-003,c_offshore_converter_code,Legacy offshore converter cost,1000000,currency/MW,legacy_code_assumption,,infra_params.yaml,,,Offshore converter only,None,Currency/price/scope unclear,legacy CAPEX,inconsistent,ISS-0064,
INP-0115,ELEC-005,c_onshore_code,Legacy onshore substation cost,150000,currency/MW,legacy_code_assumption,,infra_params.yaml,,,Onshore substation,None,Currency/price/scope unclear,legacy CAPEX,inconsistent,"ISS-0064; ISS-0071",
INP-0116,ELEC-004,c_export_code,Legacy export cable supply rate,5500,currency/route-m,legacy_code_assumption,,infra_params.yaml,,,One counted export link,None,Price/scope unclear,legacy CAPEX,inconsistent,"ISS-0064; ISS-0065; ISS-0066",
INP-0117,ELEC-004,eta_export_code,Legacy combined export efficiency,98,percent,legacy_code_assumption,,yield_params.yaml,,,Electrical export chain boundary unclear,None,No distance dependence,legacy delivered energy,inconsistent,"ISS-0064; ISS-0068; ISS-0074",
INP-0118,ELEC-004,A_export_code,Legacy combined export availability,97,percent,legacy_code_assumption,,yield_params.yaml,,,Electrical export chain boundary unclear,None,No component states,legacy delivered energy,inconsistent,"ISS-0024; ISS-0064; ISS-0074",
INP-0119,ELEC-005,I_AC,Illustrative 380 kV AC current at unity power factor,3.04,kA,derived_result,,Electrical Rating,,,2 GW three-phase connection,None,Illustrative,"grid equipment rating",verified,,
INP-0120,ELEC-005,"S_095; Q_095",Illustrative duty at 0.95 power factor,"2.105;657","GVA; MVAr",derived_result,,Electrical Rating,,,2 GW connection,None,Not selected grid-code point,"converter MVA; compensation",verified,ISS-0072,
INP-0121,ELEC-005,"Q_deliver; Q_absorb",Dutch reactive capability ratios,"0.35;0.40",fraction of Pmax,sourced_requirement,@dutchSystemCode2026,Electrical Rating,,,HVDC station at Dutch PCC,None,Voltage-envelope dependent,"grid qualification",verified,ISS-0072,
INP-0122,ELEC-005,A_site,Indicative onshore converter footprint,5.5,ha,sourced_input,@tennetDoordewind,Physical Layout,,,Doordewind station before underground 380 kV connection,None,Site specific,"land/site cost",verified,ISS-0071,
INP-0123,ELEC-005,eta_onshore_repeated,Repeated onshore converter efficiency,98.5,percent,linked_assumption,@hitachiDolWin2,Conversion and Transformer Losses,,,Same boundary as INP-0100,None,Duplicate owner,delivered electricity,inconsistent,ISS-0074,
INP-0124,ELEC-005,A_onshore_repeated,Repeated onshore station availability,98.0,percent,linked_assumption,,Availability Curtailment and Resilience,,,Same boundary as INP-0101,None,Duplicate owner,delivered electricity,inconsistent,"ISS-0024; ISS-0074",
INP-0125,H2I-002,A_farm,Farm area,scenario value,km2,scenario_input,,Pipeline-Length Model,,,Square proxy,None,"Boundary and shape unresolved","side length; infield length",not_checked,"ISS-0034; ISS-0076",
INP-0126,H2I-002,N_turb,Turbine count,ceil(P_target/P_turb),count,derived_result,,Reference Calculation,,,Decentralised farm,None,Depends on upstream design,"rung count; connection count",partially_verified,ISS-0076,
INP-0127,H2I-002,n_rung,Continuous rung-count proxy,sqrt(N_turb),count-equivalent,derived_result,@internalModelDescription2026,Pipeline-Length Model,,,Optimisation proxy,None,Non-physical fractional asset,L_infield,verified,ISS-0076,Arithmetic verified but not suitable as adopted physical count
INP-0128,H2I-002,n_rung_int,Integer rung-count proxy,ceil(sqrt(N_turb)),count,derived_result,,Pipeline-Length Model,,,Square-grid proxy,None,Does not map actual coordinates,L_infield_int,partially_verified,ISS-0076,
INP-0129,H2I-002,L_infield,Horizontal ladder length,"sqrt(A_farm)*(sqrt(N_turb)+2) or integer variant",km,derived_result,@internalModelDescription2026,Pipeline-Length Model,,,Rungs plus two headers,None,"Excludes risers tie-ins manifold routing and slack","material cost; installation",partially_verified,"ISS-0076; ISS-0078",
INP-0130,H2I-002,f_route,Hydrogen infield routing allowance,unresolved,fraction,unresolved_input,,Scope of the Length Result,,,Pre-route geometry only,None,Site dependent,L_routed,unsupported,ISS-0078,AC-cable 20 percent factor is explicitly not transferred
INP-0131,H2I-002,P_rung_assumed,Assumed 6 inch rung capacity,about 500,MW HHV,modelling_assumption,@internalModelDescription2026,Proposed Ladder Layout,,,6 inch at 150 bar with outlet condition absent,None,Section length and pressure dependent,"rung sizing; topology",unsupported,"ISS-0077; ISS-0084; ISS-0086",
INP-0132,H2I-002,A_infield,Infield pipeline availability,100,percent,modelling_assumption,,Capacity and Redundancy Checks,,,Zero-outage convention,None,Not a reliability result,annual hydrogen,unsupported,"ISS-0024; ISS-0025; ISS-0077",
INP-0133,H2I-003,p_in,Electrolyser/compressor inlet pressure,30,bar,modelling_assumption,,Key Assumptions,,,PEM outlet to compressor,None,Gauge/absolute basis not explicit,"stage count; compression work",not_checked,"ISS-0079; ISS-0085",
INP-0134,H2I-003,p_out,Compressor outlet and pipeline injection pressure,80-150,bar,scenario_input,,Key Assumptions,,,Hydrogen architectures,None,"Variable taxonomy and pressure class unresolved","compression; pipeline capacity",not_checked,"ISS-0020; ISS-0022; ISS-0085; ISS-0088",
INP-0135,H2I-003,r_max,Maximum compression ratio per stage,3.3,dimensionless,modelling_assumption,@transitionAcceleratorCompressorCost,Key Assumptions,,,All compressor stages,None,Technology dependent,N_stages,partially_verified,"ISS-0079; ISS-0081",
INP-0136,H2I-003,gamma,Hydrogen specific heat ratio,1.41,dimensionless,sourced_input,@transitionAcceleratorCompressorCost,Key Assumptions,,,Compression equation,None,Temperature dependent,w_shaft,verified,ISS-0079,
INP-0137,H2I-003,T,Compressor suction/intercooler temperature,298,K,modelling_assumption,,Key Assumptions,,,Every idealized stage,None,Perfect intercooling not stated,w_shaft,unsupported,ISS-0079,
INP-0138,H2I-003,eta_comp,Compressor isentropic efficiency,0.80,dimensionless,sourced_input,@transitionAcceleratorCompressorCost,Key Assumptions,,,Large pipeline compressor,None,Technology and load dependent,w_shaft,verified,"ISS-0079; ISS-0081",Page labels it only compressor efficiency
INP-0139,H2I-003,eta_motor,Compressor motor efficiency,0.95,dimensionless,sourced_input,@transitionAcceleratorCompressorCost,Key Assumptions,,,Electric motor,None,Load dependent,e_comp,verified,ISS-0079,
INP-0140,H2I-003,Z_avg,Average hydrogen compressibility factor,CoolProp property,dimensionless,derived_result,,Compression Energy,,,Hydrogen at model pressure and temperature,None,"Page figure and legacy code use different averaging","w_shaft; e_comp",not_checked,ISS-0079,CoolProp version not pinned
INP-0141,H2I-003,e_comp,Specific compressor electricity,"N*gamma*Z*R*T/((gamma-1)*M*eta_comp)*(r_s^((gamma-1)/gamma)-1)/(eta_motor*3.6e6)",kWh/kg H2,derived_result,@transitionAcceleratorCompressorCost,Compression Energy,,,Perfectly intercooled equal-ratio stages,None,Property method unresolved,"compressor power; annual energy",partially_verified,ISS-0079,30-to-150 bar figure-builder result is about 0.86 kWh/kg
INP-0142,H2I-003,b_comp,Compressor cost scaling exponent,0.8335,dimensionless,sourced_input,@transitionAcceleratorCompressorCost,Cost Model,2019,CAD,High-flow moderate-ratio compressor,None,Source maximum train rating applies,C_comp,verified,"ISS-0080; ISS-0081",
INP-0143,H2I-003,C_comp_ref,Compressor reference cost and power,"undefined; page gives about 56 EUR/kW electrolyser",EUR/kW electrolyser,unresolved_input,@transitionAcceleratorCompressorCost,Cost Model,,,Architecture-specific compressor,Undefined,"Motor-power coefficient and transformation omitted",compressor CAPEX,unsupported,ISS-0080,Legacy code uses coefficient 5138 on motor kW^0.8335
INP-0144,H2I-003,f_opex_comp,Compressor annual OPEX rate,3,percent of CAPEX/year,modelling_assumption,,Operating Cost and Availability,,,Compressor OPEX,No scope normalization,Conflicts with code and source,annual cost,unsupported,ISS-0082,Legacy code uses 2 percent
INP-0145,H2I-003,A_comp,Compressor availability,99,percent,modelling_assumption,,Operating Cost and Availability,,,Compressor subsystem,None,No redundancy/state evidence,annual hydrogen,unsupported,"ISS-0024; ISS-0025",
INP-0146,H2I-004,D,Pipeline internal diameter candidates,4-8,inch,scenario_input,@internalModelDescription2026,Sizing Variables,,,Composite pipeline,None,"Nominal versus internal diameter unresolved","capacity; material cost",unsupported,"ISS-0086; ISS-0088",
INP-0147,H2I-004,L_export,Baseline export route length,80,km,scenario_input,@internalModelDescription2026,Sizing Variables,,,Offshore farm to onshore interface,None,Landfall and routed basis absent,"capacity; material cost; installation",not_checked,"ISS-0028; ISS-0078",
INP-0148,H2I-004,p_out_export,Export pipeline outlet pressure,66,bar,modelling_assumption,@internalModelDescription2026,Sizing Variables,,,Dutch hydrogen-backbone interface,None,"Gauge absolute and receipt margin unresolved","capacity; onshore interface",unsupported,ISS-0085,
INP-0149,H2I-004,T_pipe,Pipeline flowing temperature,293,K,modelling_assumption,,Capacity Model,,,Steady isothermal export pipeline,None,Route/season dependent,"density; viscosity; capacity",unsupported,ISS-0084,
INP-0150,H2I-004,epsilon,Pipeline absolute roughness,1.5e-7,m,modelling_assumption,@perrysChemicalEngineersHandbook,Capacity Model,,,Composite pipe smooth bore,None,Manufacturer value not evidenced,"friction; capacity",unsupported,"ISS-0084; ISS-0086",
INP-0151,H2I-004,p_avg,Average pipeline pressure,"(2/3)*(p_in^3-p_out^3)/(p_in^2-p_out^2)",bar absolute,derived_result,@transitionAcceleratorHydrogenPipelines,Capacity Model,,,Gas-property evaluation,None,Requires absolute pressures,"density; viscosity",verified,ISS-0085,
INP-0152,H2I-004,m_dot_max,Pipeline mass-flow capacity,"rho_avg*pi*D^2/4*v*3600",kg/h,derived_result,"@transitionAcceleratorHydrogenPipelines; @perrysChemicalEngineersHandbook",Capacity Model,,,Steady horizontal line,None,"Implemented velocity relation not source-benchmarked","pipeline count; infield segment sizing",not_checked,ISS-0084,
INP-0153,H2I-004,HHV_H2,Hydrogen higher heating value,39.4,kWh/kg,sourced_input,,Capacity Model,,,HHV energy-equivalent reporting,None,Source not cited,P_H2_HHV,not_checked,,Consistent with shared methodology value
INP-0154,H2I-004,n_pipe,Parallel export pipeline count,ceil(m_dot_peak/m_dot_max),count,derived_result,,Dependence on Pressure and Diameter,,,Export route,None,"Capacity and qualified-class uncertainty","material; installation; optimisation",partially_verified,"ISS-0022; ISS-0084; ISS-0086",
INP-0155,H2I-004,c_mat,Pipeline material cost surface,"I(D,p)",EUR/m,sourced_input,@supplierSPipelineCost,Material Cost Model,unreported,EUR,Composite pipe material supply,No published normalization,"Confidential global regression not interpolation","material CAPEX; optimisation",unsupported,"ISS-0087; ISS-0088",
INP-0156,H2I-004,D_infield,Adopted infield pipeline diameter,6,inch,modelling_assumption,@internalModelDescription2026,Current Reference Assumptions,,,All ladder sections in current assumption,None,Headers need larger/parallel classes,"infield capacity; cost",unsupported,"ISS-0077; ISS-0086",
INP-0157,H2I-004,p_infield,Adopted infield pipeline inlet pressure,150,bar,modelling_assumption,@internalModelDescription2026,Current Reference Assumptions,,,Infield ladder,None,Section outlet pressure missing,"infield capacity; compressor duty",unsupported,"ISS-0077; ISS-0085; ISS-0088",
INP-0158,H2I-004,P_infield_cap,Adopted infield capacity,about 500,MW HHV,modelling_assumption,@internalModelDescription2026,Current Reference Assumptions,,,6 inch at 150 bar,None,Outlet pressure and section length absent,"rung/header sizing",unsupported,"ISS-0077; ISS-0084; ISS-0086",
INP-0159,H2I-004,f_opex_pipe,Pipeline annual OPEX rate,0.5,percent of material CAPEX/year,modelling_assumption,,Current Reference Assumptions,,,Infield and export material,None,Inspection/repair boundary absent,annual cost,unsupported,ISS-0089,
INP-0160,H2I-004,A_pipe,Infield and export pipeline availability,100,percent,modelling_assumption,,Availability,,,Zero-outage convention,None,No repair/state evidence,annual hydrogen,unsupported,"ISS-0024; ISS-0025; ISS-0077",
INP-0161,PLAT-001,N_platform,Number of central platforms,unresolved,count,unresolved_input,,Required Inputs,,,Electricity and central hydrogen,None,Capacity/multiplicity rule absent,"platform CAPEX; installation",unsupported,ISS-0027,
INP-0162,PLAT-001,m_equipment,Hosted equipment mass by component,unresolved,t,unresolved_input,,Required Inputs,,,Architecture-specific platform,None,Upstream ledgers absent,"topside sizing; lifts",unsupported,"ISS-0052; ISS-0063; ISS-0083",
INP-0163,PLAT-001,m_structure,Structural and outfitting mass addition,unresolved,t,unresolved_input,,Required Inputs,,,Topside structure/outfitting,None,Functional relationship absent,"material CAPEX; lifts",unsupported,ISS-0027,
INP-0164,PLAT-001,Q_support,Support-structure and foundation quantities,unresolved,mixed,unresolved_input,,Required Inputs,,,Selected platform support/foundation,None,Site/design class absent,"material CAPEX; installation",unsupported,ISS-0027,
INP-0165,PLAT-001,C_platform,Platform material and fabrication cost relationship,unresolved,EUR2025,unresolved_input,,Calculation logic not yet selected,,,Topside jacket and foundation supply,None,"Functional form scope and price basis absent","project CAPEX; LCOE",unsupported,ISS-0027,
INP-0166,PLAT-001,modules,Topside jacket and pile lift-module inventory,unresolved,records,unresolved_input,,Interface with Installation,,,Transport and lift definition,None,Module split and masses absent,INST-004,unsupported,"ISS-0027; ISS-0052; ISS-0063; ISS-0083",
INP-0167,INST-002,N,Number of turbines,scenario count,count,scenario_input,,Project Inputs,,,Foundation and turbine campaigns,None,Scenario dependent,"loads; duration; cost",not_applicable,,Must be a positive integer
INP-0168,INST-002,P_T,Turbine rated capacity,upstream result,MW,derived_input,,Project Inputs,,,Normalization only,None,Scenario dependent,EUR/MW,not_applicable,,Does not drive duration directly
INP-0169,INST-002,D_p,One-way selected port distance,unresolved,km,unresolved_input,,Project Inputs,,,Self-shuttling port route,None,Port not selected,"transit days; cost",unsupported,ISS-0091,
INP-0170,INST-002,D_i,Mean inter-turbine travel distance,upstream layout result,km,derived_input,,Project Inputs,,,Between installation locations,None,Layout dependent,"transit days; cost",partially_verified,,Actual route sequence may be preferable to a mean
INP-0171,INST-002,m_turbine,Complete transported turbine-set mass,upstream result,t,derived_input,,Project Inputs,,,Architecture-specific turbine set,None,Equipment ledger incomplete,"payload; loads",unsupported,"ISS-0038; ISS-0040",
INP-0172,INST-002,m_nacelle,Nacelle screening lift mass,upstream result,t,derived_input,,Project Inputs,,,Architecture-specific nacelle,None,Equipment ledger incomplete,lift feasibility,unsupported,ISS-0038,
INP-0173,INST-002,m_MP,Monopile screening lift mass,upstream result,t,derived_input,,Project Inputs,,,Monopile foundation,None,Surrogate uncertainty,"payload; lift",partially_verified,ISS-0041,
INP-0174,INST-002,m_TP,Transition-piece transported mass,unresolved,t,unresolved_input,,Project Inputs,,,Separate-TP concept,None,Not calculated,"foundation payload; loads",unsupported,ISS-0043,
INP-0175,INST-002,r_F,Foundation complete-spread rate,363297,EUR2025/day,provisional_screening_input,orbit2026InstallationDefaults,Initial Parameter Status,2025,EUR,Foundation campaign,"US CPI-U then ECB annual-average FX",Commercial boundary unverified,"foundation cost; total CAPEX",unsupported,ISS-0093,
INP-0176,INST-002,r_T,Turbine complete-spread rate,363297,EUR2025/day,provisional_screening_input,orbit2026InstallationDefaults,Initial Parameter Status,2025,EUR,Turbine campaign,"US CPI-U then ECB annual-average FX",Commercial boundary unverified,"turbine cost; total CAPEX",unsupported,ISS-0093,
INP-0177,INST-002,t_mob_F,Foundation mobilisation and demobilisation time,7,day/campaign,sourced_input,orbit2026InstallationDefaults,Initial Parameter Status,,,Foundation campaign,None,Source is mobilisation to site only,"foundation duration; cost",unsupported,ISS-0092,
INP-0178,INST-002,t_mob_T,Turbine mobilisation and demobilisation time,7,day/campaign,sourced_input,orbit2026InstallationDefaults,Initial Parameter Status,,,Turbine campaign,None,Source is mobilisation to site only,"turbine duration; cost",unsupported,ISS-0092,
INP-0179,INST-002,t_port_F,Foundation port work per set,(12+8)/24,day/set,derived_input,nunemaker2020ORBIT,Initial Evidence Basis,,,Monopile plus TP fastening,None,Task-model proxy,foundation duration,verified,,Arithmetic reproduced
INP-0180,INST-002,t_port_T,Turbine port work per set,(4+4+3*1.5)/24,day/set,derived_input,nunemaker2020ORBIT,Initial Evidence Basis,,,Tower nacelle and three blades,None,Task-model proxy,turbine duration,verified,,Arithmetic reproduced
INP-0181,INST-002,t_site_F,Foundation net site occupation,3.0,day/location,modelling_assumption,boem2021SouthForkCOP,Initial Evidence Basis,,,Normal no-weather foundation work,None,2 to 4 sensitivity,"foundation duration; cost",partially_verified,,Transparent midpoint of cited range
INP-0182,INST-002,t_site_T,Turbine effective site occupation,unresolved,day/location,unresolved_input,,Initial Parameter Status,,,Normal turbine erection,None,Material input absent,"turbine duration; cost",unsupported,ISS-0091,
INP-0183,INST-002,k_ref_F,Reference foundation sets per load,unresolved,set/load,unresolved_input,,Initial Parameter Status,,,Selected foundation campaign,None,Vessel/project specific,"loads; duration",unsupported,ISS-0091,
INP-0184,INST-002,k_ref_T,Reference turbine sets per load,6,set/load,project_reference,rwe2026SofiaTurbines,Initial Parameter Status,,,14 MW Sofia logistics,None,Not coherent with generic rate,"loads; duration",partially_verified,ISS-0091,Validation anchor rather than universal value
INP-0185,INST-002,M_use_F,Usable foundation vessel payload,unresolved,t,unresolved_input,,Initial Parameter Status,,,After deck and equipment limits,None,Named vessel absent,"loads; feasibility",unsupported,ISS-0091,
INP-0186,INST-002,M_use_T,Usable turbine vessel payload,unresolved,t,unresolved_input,,Initial Parameter Status,,,After deck and equipment limits,None,Named vessel absent,"loads; feasibility",unsupported,ISS-0091,
INP-0187,INST-002,SWL_F,Governing foundation crane capacity,unresolved,t,unresolved_input,,Initial Parameter Status,,,Intended radius/configuration,None,Named vessel absent,lift feasibility,unsupported,ISS-0091,
INP-0188,INST-002,SWL_T,Governing turbine crane capacity,unresolved,t,unresolved_input,,Initial Parameter Status,,,Intended radius/configuration,None,Named vessel absent,lift feasibility,unsupported,ISS-0091,
INP-0189,INST-002,v_F,Foundation vessel travel speed,444,km/day,derived_input,orbit2026InstallationDefaults,Initial Evidence Basis,,,Generic WTIV proxy,10 kn converted to km/day,Campaign mismatch,"foundation duration; cost",partially_verified,ISS-0093,
INP-0190,INST-002,v_T,Turbine vessel travel speed,444,km/day,derived_input,orbit2026InstallationDefaults,Initial Evidence Basis,,,Generic WTIV proxy,10 kn converted to km/day,Campaign mismatch,"turbine duration; cost",partially_verified,ISS-0093,
INP-0191,INST-003,inventory,Route section asset and interface inventory,unresolved,records,unresolved_input,,Physical Quantities and Installation Configuration,,,Cable and TCP subclasses,None,All upstream inventories incomplete,"physical km; passes; events",unsupported,"ISS-0001; ISS-0002; ISS-0069; ISS-0078",
INP-0192,INST-003,s,Installation slack fraction,project value,fraction,modelling_assumption,,Physical Quantities and Installation Configuration,,,Per selected asset/route,None,Evidence/site basis incomplete,"physical product; lay time",unsupported,"ISS-0008; ISS-0096",
INP-0193,INST-003,L_vert,Vertical and structure allowance,total separately calculated,km,derived_input,,Physical Quantities and Installation Configuration,,,All physical assets,None,Upstream methods missing,"product length; loading; lay time",unsupported,"ISS-0002; ISS-0078; ISS-0096",
INP-0194,INST-003,lambda_product,Product linear mass,product-specific,t/km,sourced_or_derived_input,,Lay-vessel feasibility and selection,,,Selected cable or TCP product,None,Proxy cable data and no TCP qualification,"loading; vessel feasibility",unsupported,"ISS-0069; ISS-0086",
INP-0195,INST-003,M_usable,Usable product payload,candidate-specific,t,contractor_input,,Lay-vessel feasibility and selection,,,After reel/deck equipment,None,Candidate records absent,"loading; selection",unsupported,ISS-0099,
INP-0196,INST-003,L_limits,Reel partition manufacturing and handling limits,candidate/product-specific,km/load,contractor_input,,Lay-vessel feasibility and selection,,,Per product and candidate,None,Commercial/product inputs absent,"loading; qualification",unsupported,"ISS-0086; ISS-0099",
INP-0197,INST-003,I_qualified,Supplier/contractor installation qualification gate,unresolved,binary,contractor_input,,Lay-vessel feasibility and selection,,,Product vessel route combination,None,Required engineering unavailable,"feasible candidate set",unsupported,"ISS-0086; ISS-0099",
INP-0198,INST-003,r_spreads,Lay burial and ROV/survey complete-spread rates,"219041; unresolved; unresolved",EUR2025/day,provisional_and_unresolved,orbit2026V13CableDefaults,Three-Spread Installation Cost Model,2025,EUR,Separate spreads,"US CPI-U then ECB annual-average FX",Lay boundary unverified and other rates absent,installation CAPEX,unsupported,"ISS-0098; ISS-0099",
INP-0199,INST-003,T_mob_demob,Mobilisation and demobilisation by spread,partly unresolved,day/spread,unresolved_input,orbit2026V13CableDefaults,Spread time calculations,,,Selected campaign,None,Demobilisation absent and voyage boundary unclear,"spread days; cost",unsupported,"ISS-0097; ISS-0099",
INP-0200,INST-003,q_spreads,Lay burial and survey production,"9.6; unresolved; unresolved",km/day/pass,provisional_and_unresolved,orbit2026V13CableDefaults,Spread time calculations,,,Route and tool specific,None,Burial/survey absent and length basis unclear,"spread days; cost",unsupported,"ISS-0096; ISS-0099",
INP-0201,INST-003,event_inputs,Interface splice setup reposition and recovery counts/times,subclass-specific,counts and h/event,sourced_or_project_input,orbit2026V13CableDefaults,Spread time calculations,,,Cable task model; TCP separate,None,TCP and some cable interfaces unresolved,"spread days; cost",unsupported,"ISS-0069; ISS-0078; ISS-0099",
INP-0202,INST-003,D_port,One-way loading-port distance,unresolved,km,unresolved_input,,Port returns,,,Each mobilised campaign,None,Port/campaign selection absent,"transit days; cost",unsupported,"ISS-0097; ISS-0099",
INP-0203,INST-003,w_spreads,Weather uplift by spread,unresolved,fraction,unresolved_input,,Weather and Total Installation CAPEX,,,Offshore-exposed work,None,Metocean/operability basis absent,"spread days; cost",unsupported,ISS-0099,
INP-0204,INST-003,survey_scope,Survey pass lengths productivity interface time and support fractions,unresolved,mixed,unresolved_input,,ROV and Survey-Spread Time,,,Selected route and method,None,Scope and contractor evidence absent,"ROV days; cost",unsupported,ISS-0099,
INP-0205,INST-003,C_exceptional,Crossing protection landfall and other exceptional costs,unresolved,EUR2025,unresolved_input,,Weather and Total Installation CAPEX,2025,EUR,Outside complete spreads,None,Site scope and rates absent,installation CAPEX,unsupported,ISS-0099,
INP-0206,INST-004,N_OSS,Number of substations,unresolved,count,derived_input,,Model Inputs,,,Selected architecture,None,Multiplicity rule absent,"campaign counts; cost",unsupported,ISS-0027,
INP-0207,INST-004,N_module_per_OSS,Topside lift modules per substation,unresolved,lift/OSS,project_input,,Model Inputs,,,Selected installation concept,None,Module inventory absent,"lift count; duration",unsupported,"ISS-0101; ISS-0103",
INP-0208,INST-004,m_lifts,Jacket pile and largest topside-module lift masses,unresolved,t,derived_input,,Model Inputs,,,Lift-applicable item records,None,PLAT-001 physical ledger absent,"class screen; logistics",unsupported,ISS-0101,
INP-0209,INST-004,Q_classes,Jacket pile and topside installation-class capacities,unresolved,t,contractor_input,,Model Inputs,,,Intended configuration and radius,None,Named classes absent,class feasibility,unsupported,ISS-0101,
INP-0210,INST-004,t_campaigns,Net site logistics and hook-up durations,"5.0; 2.5; unresolved logistics and hook-up",day,provisional_and_unresolved,boem2021CVOWCOP,Duration,,,Crane-installed piled-jacket/topside,None,Topside anchor basis and scope unresolved,"campaign days; cost",unsupported,"ISS-0102; ISS-0103; ISS-0104",
INP-0211,INST-004,r_campaigns,Piled-jacket topside and hook-up complete-spread rates,unresolved,EUR2025/day,unresolved_input,,Commercial Inputs,2025,EUR,Three campaigns,None,No evidence adopted,"campaign cost; total CAPEX",unsupported,ISS-0102,
INP-0212,INST-004,C_mob,Total non-overlapping mobilisation and demobilisation cost,unresolved,EUR2025,unresolved_input,,Commercial Inputs,2025,EUR,Three campaigns after shared mobilisation,None,Commercial input absent,total CAPEX,unsupported,ISS-0102,
INP-0213,INST-004,C_exceptional,Defined exceptional platform installation work,unresolved,EUR2025,unresolved_input,,Commercial Inputs,2025,EUR,Outside normal campaign spreads,None,Site scope absent,total CAPEX,unsupported,ISS-0102,
INP-0214,METH-003,f_decom,Decommissioning allowance,0.80,fraction of offshore installation CAPEX,modelling_assumption,,Decommissioning,,,Total non-overlapping offshore installation CAPEX,None,Simplified unsupported factor,"lifecycle capital basis; annual cost",not_applicable,,DEC-0004 assumption; no separate activity model
INP-0215,METH-003,N_replacement_j,Required component replacement count,"ceil(n/n_j)-1",count,derived_result,,Component Replacement,,,Material documented technical life shorter than project life,None,Replacement at year 25 excluded,"replacement cost; lifecycle capital basis",verified,,Checked for 25-year 10-year and 5-year component lives
INP-0216,METH-003,C_lifecycle_capital,Lifecycle capital basis,"C_initial + C_replacement + C_decommissioning",EUR2025,derived_result,,Lifecycle Capital Basis and Annual Cost,2025,EUR,All included capital categories,None,Required unresolved shared fields block complete result,"annual cost; capital intensity",verified,,No timing discount or residual credit under DEC-0004
INP-0217,METH-003,C_annual,Annualized modelled cost,"CRF*C_lifecycle_capital + sum(O_j)",EUR2025/year,derived_result,,Lifecycle Capital Basis and Annual Cost,2025,EUR,Non-overlapping architecture cost ledger,None,Required unresolved fields return not_parameterized,"electricity and hydrogen carrier cost",verified,,OPEX remains annual and component-owned
INP-0218,METH-002,c_initial,Initial installed capital intensity,"C_initial/P_wind_rated",EUR2025/kW-wind,derived_result,,Capital-Intensity Outputs,2025,EUR,Installed wind-turbine rated capacity denominator,None,Label excludes replacement and decommissioning,all architecture reporting,verified,,Denominator is not converter electrolyser or export capacity
INP-0219,METH-002,LC_electricity,Electricity carrier cost,"C_annual_electricity/E_electricity_onshore",EUR2025/MWh-electricity,derived_result,,Annual Carrier-Cost Outputs,2025,EUR,Defined onshore electrical delivery point,None,Not a common end-use metric,electricity reporting,verified,,Tier 1 product under DEC-0003
INP-0220,METH-002,LC_H2_HHV,Hydrogen carrier cost,"C_annual_H2/E_H2_onshore_HHV",EUR2025/MWh-H2-HHV,derived_result,,Annual Carrier-Cost Outputs,2025,EUR,Defined onshore hydrogen delivery point,None,Not a common end-use metric,hydrogen reporting,verified,,Tier 1 product under DEC-0003
INP-0221,METH-002,LC_H2_kg,Hydrogen cost per mass,"LC_H2_HHV*HHV_H2/1000",EUR2025/kg-H2,derived_result,,Annual Carrier-Cost Outputs,2025,EUR,Same landed hydrogen result,None,Uses 0.0394 MWh/kg,hydrogen reporting,verified,,100 EUR/MWh-H2-HHV equals 3.94 EUR/kg-H2
INP-0222,METH-006,E_H2_HHV,Landed hydrogen HHV energy,"m_H2*39.4/1000",MWh-H2-HHV/year,derived_result,nrel2009ElectrolysisCost,Energy Basis,,,Defined onshore hydrogen delivery point,None,Mass must be landed annual hydrogen,"hydrogen carrier-cost denominator",verified,,kg times kWh/kg divided by 1000 kWh/MWh
INP-0223,METH-006,A_arch,Architecture annual availability,"product of non-overlapping A_s",dimensionless,derived_result,,Availability Combination,,,Selected architecture subsystem ledger,None,Required unresolved factor returns not_parameterized,"delivered annual energy",partially_verified,ISS-0025,Combination rule is defined but component factors remain unsupported
