scenario_id,carrier,num_turbines,turbine_capacity_MW,farm_area_km2,farm_capacity_MW,stack_overplant_factor,compressor_outlet_pressure_bar,export_pipeline_diameter_inch,wake_loss_frac,farm_cf,infield_horizontal_cable_length_m,infield_horizontal_pipeline_length_m,num_export_pipelines,yield_el_MWh_year,yield_h2_MWh_year,yield_h2_kg_year,stack_sp_expected,stack_eff1,stack_eff2,total_LCOE,total_capex_EUR,total_annual_capex_EUR_per_year,total_annual_opex_EUR_per_year,total_annual_cost_EUR_per_year,turbine_sLCOE,hydrogen_sLCOE,infra_sLCOE,turbine_turbine_cLCOE,turbine_foundation_cLCOE,infra_development_cLCOE,infra_infield_cLCOE,infra_offshore-platform_cLCOE,infra_offshore-substation-converter_cLCOE,infra_export_cLCOE,infra_onshore-substation_cLCOE,hydrogen_stack_cLCOE,hydrogen_bop_cLCOE,hydrogen_electrical-bop_cLCOE,hydrogen_compressor_cLCOE
electricity_nt66_tc15_A50_7c0a53c3,electricity,66,15.0,50.0,990.0,,,,0.121245570478824,0.5847495824698424,85000.00000000001,,,4537172.155684914,,,,,,87.05818912751536,4005273430.0,331402119.63371384,63595872.0,394997991.63371384,30.450187127715427,,56.60800199979994,24.199448436254904,6.25073869146052,1.3972689286082172,1.0311288346054919,16.4771825749285,21.96957676657133,12.437408380100699,3.2954365149857,,,,
electricity_nt66_tc15_A100_cb0d89e6,electricity,66,15.0,100.0,990.0,,,,0.09102643490588402,0.6048583026256029,120208.15280171309,,,4693199.159230285,,,,,,84.50222234707059,4019356691.120685,332567389.03874177,64018369.833620556,396585758.8723623,29.43786029185354,,55.06436205521705,23.394929535851197,6.0429307560023435,1.3508162474666083,1.3351609559590953,15.929393031631612,21.23919070884215,12.023922504991264,3.1858786063263222,,,,
electricity_nt66_tc15_A150_a2384293,electricity,66,15.0,150.0,990.0,,,,0.07597080125588018,0.6148767733096776,147224.31864335458,,,4770934.18904995,,,,,,83.38075516493804,4030163157.4573417,333461531.7014859,64342563.82372025,397804095.5252061,28.958215665258923,,54.42253949967912,23.01374516544585,5.944470499813072,1.3288067757118502,1.568773039453419,15.669848088596122,20.893130784794828,11.828011193403677,3.133969617719224,,,,
electricity_nt66_tc15_A200_4effeb7a,electricity,66,15.0,200.0,990.0,,,,0.0662868865746602,0.6213207409032208,170000.00000000003,,,4820934.037214131,,,,,,82.72903088000409,4039273430.0,334215328.83515066,64615872.0,398831200.83515066,28.657878349877347,,54.071152530126746,22.775060347300858,5.882818002576486,1.3150251855651571,1.7655537646914703,15.5073297842307,20.676439712307598,11.70533812648568,3.10146595684614,,,,
electricity_nt66_tc15_A250_9550f676,electricity,66,15.0,250.0,990.0,,,,0.059058874836072084,0.6261304769389521,190065.77808748212,,,4858253.602839712,,,,,,82.2797925874056,4047299741.234993,334879437.44161767,64856661.33704978,399736098.77866745,28.437737604004585,,53.842054983401,22.600109546305035,5.83762805769955,1.3049235785425628,1.9382512631175424,15.3882073878161,20.517609850421465,11.615421425940106,3.07764147756322,,,,
electricity_nt66_tc15_A300_ee315913,electricity,66,15.0,300.0,990.0,,,,0.05344888001693149,0.6298635359346694,208206.62813657016,,,4887219.046918111,,,,,,81.95953265195445,4054556081.254628,335479837.5154998,65074351.53763884,400554189.0531386,28.26919355259678,,53.690339099357665,22.466163798642672,5.803029753954107,1.2971895910584752,2.094157507258561,15.297004956273838,20.396006608365116,11.546579445146905,3.0594009912547677,,,,
electricity_nt133_tc15_A50_3d1b8e9b,electricity,133,15.0,50.0,1995.0,,,,0.19991492829297763,0.5324006296912341,170000.00000000003,,,8324566.053600817,,,,,,88.00331417321095,7364172215.0,609322265.7706796,123267136.0,732589401.7706796,33.444239574597425,,54.55907459861353,26.578889242312112,6.86535033228532,0.8081751073233275,1.1255390458050318,18.097322004590108,24.129762672786814,6.778811367190227,3.619464400918022,,,,
electricity_nt133_tc15_A100_501c609d,electricity,133,15.0,100.0,1995.0,,,,0.14727933892898015,0.5674259312654437,240416.30560342618,,,8872218.366992882,,,,,,82.92908332658116,7392338737.24137,611652804.5807354,124112131.66724111,735764936.2479765,31.37983872071328,,51.54924460586788,24.938263462056746,6.441575258656539,0.7582891657421226,1.4139821734639912,16.980234952395055,22.640313269860076,6.360378053927624,3.3960469904790114,,,,
electricity_nt133_tc15_A150_33bd84af,electricity,133,15.0,150.0,1995.0,,,,0.12390330405546612,0.5829810467480888,294448.63728670916,,,9115436.686215691,,,,,,80.98368020809889,7413951669.914683,613441089.9062237,124760519.64744051,738201609.5536642,30.542561046164124,,50.44111916193475,24.272860066435648,6.269700979728483,0.7380564744597006,1.6435671083482768,16.527167880866255,22.03622384115501,6.190670280932258,3.3054335761732516,,,,
electricity_nt133_tc15_A200_d5fea3f9,electricity,133,15.0,200.0,1995.0,,,,0.10931753704434866,0.5926868540626541,340000.00000000006,,,9267195.774367934,,,,,,79.87916066487136,7432172215.0,614948684.1735532,125307136.0,740255820.1735532,30.042397746817382,,49.83676291805398,23.875369045395843,6.167028701421541,0.725970102239243,1.8383168922258288,16.25651988891635,21.675359851888473,6.08929220500081,3.251303977783271,,,,
electricity_nt133_tc15_A250_782a212b,electricity,133,15.0,250.0,1995.0,,,,0.09883434743332886,0.5996626831931385,380131.55617496424,,,9376269.181003513,,,,,,79.14295139521217,7448224837.469986,616276901.3864872,125788714.67409956,742065616.0605868,29.69291688161512,,49.45003451359704,23.59762874312945,6.095288138485671,0.7175249487738068,2.009950659351795,16.06740906348105,21.423212084641406,6.018455944652765,3.213481812696211,,,,
electricity_nt133_tc15_A300_7297991b,electricity,133,15.0,300.0,1995.0,,,,0.09047155110015204,0.6052275389706167,416413.2562731403,,,9463280.741311481,,,,,,78.58815742017839,7462737517.509256,617477701.5342515,126224095.07527769,743701796.6095291,29.419900884458293,,49.16825653572009,23.380656790945427,6.039244093512871,0.7109275575456088,2.1643676787635626,15.919674850480611,21.22623313397415,5.963118344860029,3.183934970096123,,,,
electricity_nt200_tc15_A50_457b3c04,electricity,200,15.0,50.0,3000.0,,,,0.262823585469372,0.4905393203403621,250000.00000000006,,,11533874.536962146,,,,,,97.65894265581218,11345071000.0,938707592.0045184,187678400.0,1126385992.0045185,36.2982812401371,,61.36066141567507,28.847060332048596,7.4512209080885,0.6169448460610039,1.1995410813240597,19.641698904551653,26.188931872735537,9.785204930092489,3.928339780910331,,,,
electricity_nt200_tc15_A100_8aa6b22c,electricity,200,15.0,100.0,3000.0,,,,0.19084460713814055,0.538436293728852,353553.3905932738,,,12660058.838313866,,,,,,89.34049281229423,11386492356.237309,942134854.9604827,188921040.68711928,1131055895.647602,33.06934249500434,,56.271150317289894,26.280950102941173,6.788392392063167,0.5620640900307822,1.4617041052766493,17.894457976157245,23.859277301542992,8.914755249050776,3.578891595231449,,,,
electricity_nt200_tc15_A150_b6bfc38f,electricity,200,15.0,150.0,3000.0,,,,0.1592964384045905,0.5594293924546059,433012.7018922193,,,13153662.01507226,,,,,,86.26033095909438,11418276080.756887,944764686.3214948,189874552.42270663,1134639238.7442014,31.828385224691218,,54.43194573440316,25.294733455122785,6.533651769568429,0.5409721218729333,1.679274033975956,17.2229521024865,22.963936136648666,8.58022091892181,3.4445904204973,,,,
electricity_nt200_tc15_A200_b32d36cf,electricity,200,15.0,200.0,3000.0,,,,0.14055492220723298,0.5719005600562623,500000.0000000001,,,13446892.091607463,,,,,,84.60394632189161,11445071000.0,946981736.7146266,190678400.0,1137660136.7146266,31.13431853836352,,53.4696277835281,24.743143052191506,6.391175486172012,0.5291753962340613,1.867308882451973,16.847379254220225,22.4631723389603,8.393116060817485,3.3694758508440454,,,,
electricity_nt200_tc15_A250_3ae5e7d4,electricity,200,15.0,250.0,3000.0,,,,0.12733702219305276,0.5806961476001357,559016.9943749474,,,13653699.57676383,,,,,,83.51740821916182,11468677797.749979,948934997.3218824,191386603.93249938,1140321601.2543817,30.66273865023313,,52.8546695689287,24.36836791079347,6.2943707394396595,0.5211601742580312,2.033951708667169,16.59219829645474,22.12293106193965,8.265988668318156,3.3184396592909478,,,,
electricity_nt200_tc15_A300_a11adb59,electricity,200,15.0,300.0,3000.0,,,,0.11735847435264701,0.5873361729443175,612372.4356957946,,,13809824.103517164,,,,,,82.74745141970614,11490019974.278318,950700879.8921239,192026869.22834954,1142727749.1204734,30.31608647531444,,52.43136494439172,24.092875632303492,6.2232108430109445,0.5152682899763191,2.1851917318912837,16.40461812979847,21.87282417306463,8.172538993701307,3.2809236259596943,,,,
electricity_nt267_tc15_A50_e9888056,electricity,267,15.0,50.0,4005.0,,,,0.3197382875485123,0.4526665686828744,335000.00000000006,,,14208920.516031567,,,,,,103.03227472415763,14703969785.0,1216627738.141484,247349664.0,1463977402.141484,39.335209270853774,,63.69706545330388,31.2605753287119,8.074633942141862,0.5281063983101845,1.3038690313198318,21.28503913819806,28.38005218426408,7.942990873572107,4.257007827639612,,,,
electricity_nt267_tc15_A100_e189e46b,electricity,267,15.0,100.0,4005.0,,,,0.2284434818380432,0.5134168735774408,473761.5433949869,,,16115834.596484255,,,,,,91.2292232971884,14759474402.357994,1221220270.5024765,249014802.52073985,1470235073.0232162,34.68085122522654,,56.548372071961865,27.561652328448726,7.119198896777808,0.4656179481535577,1.5378814024610006,18.76647637977467,25.021968506366232,7.0031325592514735,3.7532952759549345,,,,
electricity_nt267_tc15_A150_7421c841,electricity,267,15.0,150.0,4005.0,,,,0.1899811006719092,0.5390108968587206,580237.020535574,,,16919214.982067663,,,,,,87.18115789272855,14802064593.21423,1224744244.5262325,250292508.24642688,1475036752.7726593,33.03408950139872,,54.147068391329846,26.252933756197393,6.781155745201318,0.44350886524878774,1.7486580844248047,17.8753819025188,23.833842536691733,6.670600621941956,3.57507638050376,,,,
electricity_nt267_tc15_A200_0350799c,electricity,267,15.0,200.0,4005.0,,,,0.16689778095010377,0.5543712308904917,670000.0000000001,,,17401366.261743966,,,,,,84.99819691197024,14837969785.0,1227715092.053029,251369664.0,1479084756.053029,32.118791915768526,,52.87940499620172,25.525526182825665,6.593265732942851,0.43122026884141246,1.9328324474628202,17.38009675482613,23.17346233976818,6.485773834337951,3.4760193509652266,,,,
electricity_nt267_tc15_A250_89dc20cd,electricity,267,15.0,250.0,4005.0,,,,0.15119851360022407,0.5648179947639059,749082.7724624296,,,17729283.646849304,,,,,,83.62724338271757,14869602893.984972,1230332461.266752,252318657.26954916,1482651118.5363011,31.524728981949256,,52.10251440076831,25.053411010772592,6.471317971176658,0.423244502545405,2.098239757744888,17.05863786262023,22.744850483493643,6.365814221840089,3.4117275725240463,,,,
electricity_nt267_tc15_A300_6b294539,electricity,267,15.0,300.0,4005.0,,,,0.13937132902855787,0.5726881584953638,820579.0638323647,,,17976323.164774876,,,,,,82.6573567384725,14898201410.532946,1232698743.9108756,253176612.76598838,1485875356.676864,31.09150057483564,,51.565856163636866,24.709114653738894,6.382385921096739,0.41742806739818034,2.2487649779200316,16.824209629692913,22.432279506257217,6.27833205642994,3.364841925938583,,,,
electricity_nt333_tc15_A50_0867f737,electricity,333,15.0,50.0,4995.0,,,,0.3772315752690967,0.41440880876722996,420000.00000000006,,,16223502.276408467,,,,,,114.21812491612866,18637243215.0,1542072473.58392,310945536.0,1853018009.58392,42.96659200374648,,71.25153291238217,34.14651684455101,8.820075159195463,0.4860903144613683,1.4303311375853867,23.25005025745174,31.00006700993565,10.434984141457704,4.650010051490347,,,,
electricity_nt333_tc15_A100_8ea2a3ec,electricity,333,15.0,100.0,4995.0,,,,0.2652524623189685,0.48892307275632874,593969.6961967,,,19140627.3612931,,,,,,97.22060894761522,18706831093.47868,1547830275.3499403,313033172.3543604,1860863447.7043006,36.41827355105055,,60.80233539656468,28.942420919769056,7.475852631281483,0.41200777667045857,1.6222257505418227,19.706629054445838,26.27550540592778,8.844641598089622,3.941325810889167,,,,
electricity_nt333_tc15_A150_1745ad5c,electricity,333,15.0,150.0,4995.0,,,,0.21976525420035342,0.5191916268159337,727461.3391789284,,,20325597.239588857,,,,,,91.8488860179909,18760227750.67157,1552248392.0364404,314635072.07014716,1866883464.1065874,34.29511049370744,,57.55377552428348,27.255095495053663,7.040014998653778,0.3879879754698728,1.8238300480095448,18.557744642489503,24.743659523319337,8.329004406497319,3.7115489284979004,,,,
electricity_nt333_tc15_A200_8b86df85,electricity,333,15.0,200.0,4995.0,,,,0.1925800836014806,0.537281455581547,840000.0000000001,,,21033787.731561754,,,,,,88.99769250252433,18805243215.0,1555973036.6969018,315985536.0,1871958572.6969018,33.14042207130982,,55.857270431214516,26.33743864058006,6.8029834307297525,0.3749247365167061,2.0037068034292127,17.932920503537513,23.910560671383347,8.04857361564024,3.586584100707502,,,,
electricity_nt333_tc15_A250_5cabbb33,electricity,333,15.0,250.0,4995.0,,,,0.17400015521352075,0.5496450978030708,939148.5505499117,,,21517806.34671203,,,,,,87.20358399407257,18844902635.219963,1559254514.5170915,317175318.606599,1876429833.1236906,32.39496591569654,,54.80861807837604,25.745007870825187,6.649958044871346,0.36649123038553266,2.166429200787378,17.529539823933593,23.37271976524479,7.867530093238037,3.505907964786718,,,,
electricity_nt333_tc15_A300_8a1b7426,electricity,333,15.0,300.0,4995.0,,,,0.1603410998272693,0.5587342433774437,1028785.691968935,,,21873633.179532267,,,,,,85.96981334122087,18880757491.787575,1562221197.2350974,318250964.30362725,1880472161.5387247,31.86798450266416,,54.10182883855673,25.32620389178709,6.541780610877062,0.360529376097581,2.315990764115127,17.24438003428406,22.99250671237874,7.739545944824396,3.4488760068568114,,,,
hydrogen_central_nt66_tc15_A50_0e72deac,hydrogen_central,66,15.0,50.0,990.0,1.6,150.0,8.0,0.121245570478824,0.5847495824698424,85000.00000000001,,1.0,,3835557.8831555205,97250453.42686412,0.3556837862695803,,,69.7984058517972,2706474441.254205,223937611.81146502,43778213.9850841,267715825.79654914,36.020246696838534,9.522245822098846,24.25591333285981,28.62610002839492,7.3941466684436135,1.6528624700793861,1.2197466913071164,19.49124905960152,,1.8920551118717828,,4.677899774304365,1.7871785186494717,2.598833207946869,0.4583343211981399
hydrogen_central_nt66_tc15_A100_21fc309e,hydrogen_central,66,15.0,100.0,990.0,1.6,150.0,8.0,0.09102643490588402,0.6048583026256029,120208.15280171309,,1.0,,3959776.5112453317,100400012.96260984,0.3679805656817342,,,68.00979607571409,2720557702.3748903,225102881.21649292,44200711.818704665,269303593.0351976,34.89028756519788,9.223531915140734,23.895976595375473,27.728096097367356,7.162191467830523,1.6010119911770233,1.5824570548739494,18.879806416042058,,1.8327011332824428,,4.531153539850093,1.7311145304148428,2.5173075221389403,0.4439563227368574
hydrogen_central_nt66_tc15_A150_ba9d48ae,hydrogen_central,66,15.0,150.0,990.0,1.6,150.0,8.0,0.07597080125588018,0.6148767733096776,147224.31864335458,,1.0,,4021878.95175265,101974618.4521463,0.3741289072544834,,,67.2625737704397,2731364168.711547,225997023.879237,44524905.808804356,270521929.6880413,34.351541363784555,9.081109965375745,23.82992244127941,27.299942376451025,7.051598987333531,1.5762905231452105,1.8609493270618027,18.58828047286791,,1.8044021182044854,,4.461187313488298,1.7043841294191606,2.4784373963823874,0.43710112608589935
hydrogen_central_nt66_tc15_A200_cc9218b4,hydrogen_central,66,15.0,200.0,990.0,1.6,150.0,8.0,0.0662868865746602,0.6213207409032208,170000.00000000003,,1.0,,4061977.082015177,102991305.32492842,0.37809590838301677,,,66.85144438660112,2740474441.254205,226750821.0129018,44798213.9850841,271549034.9979859,34.01243738744202,8.991465065129455,23.84754193402965,27.030448821104,6.981988566338018,1.5607300457096003,2.0954372875264924,18.404784781802203,,1.7865898189913525,,4.417148347632528,1.6875591657477933,2.453971304240293,0.4327862475088409
hydrogen_central_nt66_tc15_A250_3a04e929,hydrogen_central,66,15.0,250.0,990.0,1.6,150.0,8.0,0.059058874836072084,0.6261304769389521,190065.77808748212,,1.0,,4091698.58141835,103744893.03799061,0.3810403800364657,,,66.58699987794776,2748500752.489198,227414929.6193688,45039003.322133884,272453932.9415027,33.765376022242215,8.926152379395342,23.8954714763102,26.834103598571637,6.931272423670578,1.549393131174221,2.3013709330918686,18.271095119911653,,1.7736122921324557,,4.385062828778796,1.6753009830543344,2.43614601598822,0.4296425515739911
hydrogen_central_nt66_tc15_A300_f5f29d49,hydrogen_central,66,15.0,300.0,990.0,1.6,150.0,8.0,0.05344888001693149,0.6298635359346694,208206.62813657016,,1.0,,4114718.712496546,104328567.76106863,0.3833207420177359,,,66.41329391144941,2755757092.5088334,228015329.6932509,45256693.522722945,273272023.21597385,33.5764728586855,8.876214288323993,23.960606764439916,26.683978006674195,6.892494852011305,1.540724924314062,2.4873161865567455,18.16887598076973,,1.7636896727993794,,4.360530235384735,1.6659283743974616,2.4225167974359634,0.4272388811058334
hydrogen_central_nt133_tc15_A50_673009d3,hydrogen_central,133,15.0,50.0,1995.0,1.6,150.0,8.0,0.19991492829297763,0.5324006296912341,170000.00000000003,,2.0,,7071991.0340884905,179310117.49717268,0.32361509122970467,,,74.87364126727934,5342394914.602848,442037486.2197005,87468233.51205698,529505719.7317575,39.367807468815734,9.874599745327416,25.631234053136193,31.286481849659936,8.081325619155804,0.9513172501718399,1.3248919699625263,21.302678650795475,,2.052346182206348,,5.112642876190914,1.4758404138255896,2.840357153439397,0.44575930187151497
hydrogen_central_nt133_tc15_A100_cb410a7a,hydrogen_central,133,15.0,100.0,1995.0,1.6,150.0,8.0,0.14727933892898015,0.5674259312654437,240416.30560342618,,2.0,,7510589.898364149,190430778.356089,0.34505323107744457,,,70.92402346786044,5370561436.844219,444368025.02975637,88313229.17929809,532681254.20905447,37.06883017428842,9.297948870750888,24.557244422821125,29.459432897162788,7.609397277125637,0.8957628035654435,1.6703293322858896,20.058657769785416,,1.9324945171843702,,4.8140778647485,1.3896551822904466,2.674487702638056,0.4197281210738868
hydrogen_central_nt133_tc15_A150_338a222f,hydrogen_central,133,15.0,150.0,1995.0,1.6,150.0,8.0,0.12390330405546612,0.5829810467480888,294448.63728670916,,2.0,,7705493.217511702,195372546.08295393,0.35459307415262026,,,69.44629141955758,5392174369.517532,446156310.3552446,88961617.15949748,535117927.5147421,36.131208423942,9.062765859745813,24.252317135869756,28.714283808093082,7.416924615848924,0.8731053125190492,1.9443053796539884,19.55129258671171,,1.8836138569850076,,4.6923102208108105,1.3545051406443818,2.6068390115615614,0.4091114867290597
hydrogen_central_nt133_tc15_A200_9112fe5a,hydrogen_central,133,15.0,200.0,1995.0,1.6,150.0,8.0,0.10931753704434866,0.5926868540626541,340000.00000000006,,2.0,,7827645.480448531,198469712.99311692,0.36056906420902846,,,68.62499578913615,5410394914.602848,447663904.6225741,89508233.51205698,537172138.134631,35.56737235310173,8.921339250556667,24.136284185477756,28.26619060375344,7.301181749348293,0.8594802971842646,2.1763942398944995,19.246190032083746,,1.8542196163152447,,4.619085607700099,1.3333677668961013,2.5661586709444997,0.4027272050159664
hydrogen_central_nt133_tc15_A250_ca38f9c6,hydrogen_central,133,15.0,250.0,1995.0,1.6,150.0,8.0,0.09883434743332886,0.5996626831931385,380131.55617496424,,2.0,,7915313.590005031,200692535.24353528,0.3648644825187813,,,68.09356671632791,5426447537.072834,448992121.83550805,89989812.18615654,538981934.0216646,35.1734366914716,8.822528642750033,24.097601382106276,27.953121075121764,7.220315616349843,0.8499609001321567,2.3809338958364563,19.03302386032164,,1.8336827258160227,,4.567925726477194,1.3185997062073929,2.5377365147095525,0.39826669535589365
hydrogen_central_nt133_tc15_A300_f0ababe5,hydrogen_central,133,15.0,300.0,1995.0,1.6,150.0,8.0,0.09047155110015204,0.6052275389706167,416413.2562731403,,2.0,,7982856.088465202,202405073.2369473,0.36818829891076404,,,67.72239265991166,5440960217.112104,450192921.9832723,90425192.58733466,540618114.570607,34.87583621274001,8.747881721815457,24.098674725356197,27.71661128260509,7.159224930134928,0.8427694285395104,2.5657507469232317,18.871986510965474,,1.8181680389279766,,4.529276762631714,1.307443107912356,2.5162648681287303,0.39489698314265687
hydrogen_central_nt200_tc15_A50_d65e874b,hydrogen_central,200,15.0,50.0,3000.0,1.6,150.0,8.0,0.262823585469372,0.4905393203403621,250000.00000000006,,3.0,,9842845.646435559,249565051.88731134,0.2980365448784739,,,80.2882396557162,7968476481.256607,659323275.2501088,130941474.90513214,790264750.155241,42.53442924635514,10.397161528137676,27.356648881223386,33.80306738331461,8.731361863040526,0.7229377261716903,1.4056256524690989,23.01619866810829,,2.2118868344743055,,5.52388768034599,1.3544639120418882,3.0688264890811054,0.44998344666869194
hydrogen_central_nt200_tc15_A100_0b836b6d,hydrogen_central,200,15.0,100.0,3000.0,1.6,150.0,8.0,0.19084460713814055,0.538436293728852,353553.3905932738,,3.0,,10747043.128156733,272490951.52527213,0.3273087898887916,,,73.96775506703182,8009897837.4939165,662750538.2060732,132184115.59225143,794934653.7983246,38.955814798420185,9.522401172318505,25.489539096293132,30.959062010118863,7.996752788301321,0.6621136963757115,1.7218931529663655,21.079741483901646,,2.02579076304941,,5.059137956136396,1.2405067199336866,2.8106321978535527,0.41212429839486997
hydrogen_central_nt200_tc15_A150_5451bfc6,hydrogen_central,200,15.0,150.0,3000.0,1.6,150.0,8.0,0.1592964384045905,0.5594293924546059,433012.7018922193,,3.0,,11143894.142848736,282553096.9282134,0.3401978520382148,,,71.65520298910496,8041681562.0134945,665380369.5670853,133137627.32783878,798517996.894924,37.568539001222526,9.18329398778338,24.903370000099066,29.856562738756654,7.711976262465871,0.638534820905435,1.9821260674646128,20.329059837961946,,1.953649273767071,,4.878974361110868,1.1963303894492618,2.7105413117282593,0.3974479254949902
hydrogen_central_nt200_tc15_A200_bbebe272,hydrogen_central,200,15.0,200.0,3000.0,1.6,150.0,8.0,0.14055492220723298,0.5719005600562623,500000.0000000001,,3.0,,11377676.787859585,288480648.77940124,0.34780723949008474,,,70.44837973606543,8068476481.256607,667597419.960217,133941474.90513214,801538894.8653492,36.79660000342372,8.994600390803454,24.65717934183825,29.243085458803794,7.553514544619927,0.6254145361455369,2.206909328873237,19.911348782522776,,1.913506694296705,,4.778723707805467,1.1717488085195997,2.65484650433637,0.38928137014201697
hydrogen_central_nt200_tc15_A250_f67d482d,hydrogen_central,200,15.0,250.0,3000.0,1.6,150.0,8.0,0.12733702219305276,0.5806961476001357,559016.9943749474,,3.0,,11543714.480594527,292690529.42683893,0.35320536882686265,,,69.66564884786429,8092083279.006586,669550680.5674728,134649678.83763152,804200359.4051044,36.26734032922357,8.8652275881001,24.533080930540617,28.822470894384974,7.444869434838597,0.6164189579233743,2.4057218004197143,19.62495618188731,,1.8859839903102211,,4.709989483652954,1.1548950939757614,2.616660824251641,0.38368218621974204
hydrogen_central_nt200_tc15_A300_4aba83fe,hydrogen_central,200,15.0,300.0,3000.0,1.6,150.0,8.0,0.11735847435264701,0.5873361729443175,612372.4356957946,,3.0,,11668984.28875691,295866741.60134155,0.3572739680943071,,,69.1239689171887,8113425455.534925,671316563.1377144,135289944.13348168,806606507.2711961,35.878000293006444,8.770056891851311,24.475911732330953,28.513053612609703,7.364946680396739,0.6098015281029299,2.586095987716289,19.41427679152521,,1.865737424986526,,4.659426429966051,1.1424969723149572,2.588570238870028,0.37956325070027436
hydrogen_central_nt267_tc15_A50_2735f3a2,hydrogen_central,267,15.0,50.0,4005.0,1.6,150.0,8.0,0.3197382875485123,0.4526665686828744,335000.00000000006,,4.0,,12176561.6134507,308736349.22542346,0.27484588926269427,,,86.29755772040312,10592258567.879826,876418801.9752102,174388726.69759652,1050807528.6728067,45.900548919625614,11.037639422961778,29.35936937781573,36.47819838076683,9.42235053885878,0.6162512929190213,1.5214944922442963,24.83767083814475,,2.383952754507663,,5.961041001154739,1.3021235745012363,3.3116894450859675,0.4627854022198354
hydrogen_central_nt267_tc15_A100_742bc356,hydrogen_central,267,15.0,100.0,4005.0,1.6,150.0,8.0,0.2284434818380432,0.5134168735774408,473761.5433949869,,4.0,,13715379.117625922,347753020.223781,0.3120103753919668,,,77.07152609409695,10647763185.23782,881011334.3362024,176053865.21833637,1057065199.5545387,40.75066807980256,9.799254934777968,26.521603079516442,32.38547227325718,8.365195806545373,0.5471100560358407,1.8070402646923531,22.050971154461823,,2.1164816043264256,,5.292233077070837,1.15602986962751,2.940129487261577,0.41086250081804593
hydrogen_central_nt267_tc15_A150_e95e6a33,hydrogen_central,267,15.0,150.0,4005.0,1.6,150.0,8.0,0.1899811006719092,0.5390108968587206,580237.020535574,,4.0,,14360630.604693819,364113352.04598933,0.3276616831040643,,,73.94291438405966,10690353376.094055,884535308.3599586,177331570.94402343,1061866879.303982,38.91966010380821,9.358955062657017,25.66429921759444,30.93032906130901,7.989331042499197,0.5225273209899619,2.060210507109879,21.06017748248636,,2.021383907008238,,5.0544425957967265,1.1040871650899913,2.8080236643315155,0.3924016374387854
hydrogen_central_nt267_tc15_A200_dc2e37e8,hydrogen_central,267,15.0,200.0,4005.0,1.6,150.0,8.0,0.16689778095010377,0.5543712308904917,670000.0000000001,,4.0,,14748963.226575777,373959513.8584122,0.3371028743836758,,,72.27049564159921,10726258567.879826,887506155.8867551,178408726.69759652,1065914882.5843517,37.89492545509518,9.112538585666396,25.26303160083763,30.115949393021065,7.778976062074113,0.5087694451686051,2.2804264153482623,20.505673832742563,,1.9681619075781975,,4.921361719858215,1.0750171174521306,2.734089844365676,0.38206990399037577
hydrogen_central_nt267_tc15_A250_ea7f89f6,hydrogen_central,267,15.0,250.0,4005.0,1.6,150.0,8.0,0.15119851360022407,0.5648179947639059,749082.7724624296,,4.0,,15012275.245806139,380635782.09447616,0.3435151601637321,,,71.2404500687793,10757891676.864798,890123525.1004779,179357719.96714568,1069481245.0676236,37.23025676385515,8.952706655061691,25.057486649862458,29.587722237851427,7.642534526003716,0.4998457405511134,2.4779913247692313,20.146008805678328,,1.9336407788637826,,4.835042113362798,1.0561615527047015,2.6861345074237777,0.37536848157041575
hydrogen_central_nt267_tc15_A300_e8416f21,hydrogen_central,267,15.0,300.0,4005.0,1.6,150.0,8.0,0.13937132902855787,0.5726881584953638,820579.0638323647,,4.0,,15208212.814832993,385603773.1955627,0.34829161634887973,,,70.5346181217261,10786490193.412771,892489807.7446015,180215675.4635849,1072705483.2081864,36.75059448575759,8.837362952316262,24.946660683652265,29.206523839399765,7.544070646357815,0.4934058938390467,2.6580720862408738,19.88645431107471,,1.9087283924976322,,4.77274903465793,1.0425543176103353,2.651527241476629,0.3705323585713692
hydrogen_central_nt333_tc15_A50_fbb50283,hydrogen_central,333,15.0,50.0,4995.0,1.6,150.0,8.0,0.3772315752690967,0.41440880876722996,420000.00000000006,,5.0,,13970998.57904825,354234243.8906757,0.2514922048839198,,,93.57521565833859,13175860012.609528,1090189724.2445915,217149480.7521906,1307339204.996782,49.893971374935276,11.860058199149462,31.82118608425387,39.65186100510877,10.242110369826499,0.564461250109249,1.6609392904408435,26.998588622294132,,2.5971969214096413,,6.479661269350591,1.2957141667303054,3.599811816305884,0.48487094676268117
hydrogen_central_nt333_tc15_A100_e6aa2bbe,hydrogen_central,333,15.0,100.0,4995.0,1.6,150.0,8.0,0.2652524623189685,0.48892307275632874,593969.6961967,,5.0,,16332606.442536576,414112739.4152276,0.2970381852779857,,,80.52509241218849,13245447891.088207,1095947526.0106118,219237117.106551,1315184643.1171627,42.67956897356273,10.145156979733892,27.700366458891864,33.91841318824779,8.761155785314939,0.4828431610686229,1.9011306429418062,23.0947365691742,,2.221656085707236,,5.5427367766018065,1.1083608024188907,3.0792982092232264,0.41476119148996804
hydrogen_central_nt333_tc15_A150_6be715db,hydrogen_central,333,15.0,150.0,4995.0,1.6,150.0,8.0,0.21976525420035342,0.5191916268159337,727461.3391789284,,5.0,,17287403.27675651,438321584.0962605,0.3155663600828701,,,76.42585982221247,13298844548.2811,1100365642.697112,220839016.82233772,1321204659.5194497,40.3223429235047,9.584832007160475,26.518684891547306,32.04507263990496,8.277270283599737,0.4561753547918456,2.1443610932096697,21.819196164963294,,2.0989522785824963,,5.23660707959119,1.0471451664797506,2.9092261553284393,0.39185360576109446
hydrogen_central_nt333_tc15_A200_961c3dea,hydrogen_central,333,15.0,200.0,4995.0,1.6,150.0,8.0,0.1925800836014806,0.537281455581547,840000.0000000001,,5.0,,17854486.155066192,452699953.2217595,0.3265961969144118,,,74.28271844907916,13343860012.609528,1104090287.3575733,222189480.7521906,1326279768.1097639,39.041650212067424,9.280404645010204,25.960663592001538,31.027277343504128,8.014372868563289,0.44168660216336986,2.3605016248343524,21.126188678992044,,2.032286686011775,,5.070285282958089,1.0138864050761405,2.816825157198939,0.37940779977703504
hydrogen_central_nt333_tc15_A250_b3b8eb41,hydrogen_central,333,15.0,250.0,4995.0,1.6,150.0,8.0,0.17400015521352075,0.5496450978030708,939148.5505499117,,5.0,,18245344.906247888,462610164.96571726,0.33420981094983543,,,72.93646874720652,13383519432.829493,1107371765.1777632,223379263.3587895,1330751028.5365527,38.20528506115511,9.08159627012619,25.64958741592522,30.36259915093692,7.842685910218181,0.43222462297786574,2.554997137403612,20.673615391573833,,1.9887502639699126,,4.961667693977719,0.9921665430420468,2.756482052209844,0.3712799808965783
hydrogen_central_nt333_tc15_A300_a0cd169a,hydrogen_central,333,15.0,300.0,4995.0,1.6,150.0,8.0,0.1603410998272693,0.5587342433774437,1028785.691968935,,5.0,,18530086.384157445,469829776.4745803,0.3397683855285131,,,72.03384427245773,13419374289.397102,1110338447.895769,224454909.05581778,1334793356.9515867,37.61820580492616,8.942044457461973,25.473594010069593,29.896034064505116,7.722171740421043,0.4255828688389945,2.7338853889397225,20.355935501783176,,1.9581902505077,,4.885424520427961,0.9769204744624774,2.71412473357109,0.36557472900044524
hydrogen_decentral_nt66_tc15_A50_f9eb07f3,hydrogen_decentral,66,15.0,50.0,990.0,1.6,150.0,8.0,0.121245570478824,0.5847495824698424,,77781.74593052024,1.0,,4222316.006663807,107056693.88092817,0.3685065852273163,0.8540546346944553,0.8529766234620305,53.64858045256427,2355341421.3277287,194884357.61777532,31636902.361877806,226521259.97965312,32.720843478607534,12.808516772642163,8.119220201314569,26.00399009799907,6.716853380608466,1.501462625459449,3.017774581351916,,,3.5999829945032036,,4.336133497473339,8.780670332383512,-1.2044815270759275,0.8961944698612393
hydrogen_decentral_nt66_tc15_A100_d5f50438,hydrogen_decentral,66,15.0,100.0,990.0,1.6,150.0,8.0,0.09102643490588402,0.6048583026256029,,110000.0,1.0,,4362552.826889506,110612394.19091038,0.381600500021287,0.8521225258724647,0.851013563602269,53.13084258060768,2418650290.5742564,200122625.0735662,31663482.421485126,231786107.49505132,31.669012766951848,12.396779485948128,9.065050327707695,25.1680765791881,6.500936187763749,1.4531972284230326,4.127593670328671,,,3.4842594289559927,,4.196745942092522,8.498410532737358,-1.1657627616923674,0.8673857728106169
hydrogen_decentral_nt66_tc15_A150_54e5d774,hydrogen_decentral,66,15.0,150.0,990.0,1.6,150.0,8.0,0.07597080125588018,0.6148767733096776,,134721.9358530748,1.0,,4433277.503219884,112405616.20740072,0.38820830233875614,0.8511916294344724,0.850326160272545,53.19449705323663,2467228894.5255485,204142089.06264645,31683878.01856391,235825967.08121037,31.16379271789818,12.199011984128997,9.831692351209451,24.766566845446317,6.397225872451861,1.4300141762568248,4.973003608479301,,,3.428674566473325,,4.129794685786156,8.362834238716966,-1.1471651904961544,0.8535482501220302
hydrogen_decentral_nt66_tc15_A200_78f763fd,hydrogen_decentral,66,15.0,200.0,990.0,1.6,150.0,8.0,0.0662868865746602,0.6213207409032208,,155563.49186104047,1.0,,4478235.801259875,113545532.48630516,0.39240889113368926,0.8506137760378296,0.8497022053345297,53.42097577529303,2508182552.081201,207530653.9528833,31701072.302270483,239231726.25515378,30.850930433899283,12.076542591958624,10.49350274943512,24.51792815309526,6.333002280804025,1.4156578523849375,5.683591781318303,,,3.394253115731879,,4.08833448838536,8.278877338980354,-1.1356484689959334,0.8449792335888446
hydrogen_decentral_nt66_tc15_A250_05f83314,hydrogen_decentral,66,15.0,250.0,990.0,1.6,150.0,8.0,0.059058874836072084,0.6261304769389521,,173925.27130926086,1.0,,4512092.406718091,114403965.68757838,0.3955723020283181,0.8501877342941524,0.8492363539575335,53.6851284253906,2544263448.696954,210516039.5515752,31716220.770315267,242232260.32189047,30.619439656324733,11.985925933215885,11.079762835849982,24.333957226680656,6.285482429644079,1.405035426013381,6.305943162692951,,,3.368784247143649,,4.0576575617452075,8.216756562534046,-1.1271271004847798,0.8386389094214122
hydrogen_decentral_nt66_tc15_A300_348d2415,hydrogen_decentral,66,15.0,300.0,990.0,1.6,150.0,8.0,0.05344888001693149,0.6298635359346694,,190525.5888325765,1.0,,4538153.2254070295,115064736.9525109,0.398004076404601,0.8498705467579482,0.8488865660804942,53.97458796689562,2576883072.630269,213215034.4397108,31729916.032272004,244944950.4719828,30.443604327369133,11.917095502190373,11.613888137336115,24.194216936793897,6.249387390575237,1.3969668633910632,6.867482622048263,,,3.349438651896788,,4.034356039569531,8.1695709801283,-1.1206544554359807,0.8338229379285237
hydrogen_decentral_nt133_tc15_A50_1fe7f177,hydrogen_decentral,133,15.0,50.0,1995.0,1.6,150.0,8.0,0.19991492829297763,0.5324006296912341,,98994.94936611666,2.0,,7772805.734116143,197079252.89341134,0.3346620113912657,0.8591568550891057,0.8576736353571202,56.70541145599398,4557056794.1464815,377057473.66949695,63702673.651068285,440760147.3205652,35.818312070917216,14.021015418750391,6.866083966326373,28.465618040321047,7.352694030596173,0.8655442183843524,2.0893997191382963,,,3.911140028803724,,4.746606941694502,9.611879056931365,-1.3185019282484727,0.9810313483729953
hydrogen_decentral_nt133_tc15_A100_cedd81b6,hydrogen_decentral,133,15.0,100.0,1995.0,1.6,150.0,8.0,0.14727933892898015,0.5674259312654437,,140000.0,2.0,,8266710.539007007,209602194.19388965,0.3574283582337011,0.8555126091829461,0.8542982562682527,54.12804285680381,4637631718.642062,383724359.52232176,63736502.81784124,447460862.340163,33.67830289176051,13.183312580106962,7.266427384936327,26.76490462378579,6.913398267974728,0.8138312127954461,2.775132022480639,,,3.6774641496602416,,4.463015062630976,9.037605501827727,-1.2397264062863822,0.922418421934641
hydrogen_decentral_nt133_tc15_A150_7a3d21bd,hydrogen_decentral,133,15.0,150.0,1995.0,1.6,150.0,8.0,0.12390330405546612,0.5829810467480888,,171464.28199482246,2.0,,8485123.986870456,215140060.51902783,0.3674993585271749,0.8540360535136342,0.8529305671916412,53.34070574735212,4699459032.7618885,388840040.9629693,63762460.850486964,452602501.8134563,32.81139814597706,12.843964238310399,7.6853433630646535,26.07595592843814,6.735442217538925,0.792882587714588,3.3096573077923344,,,3.5828034675577323,,4.348133711550653,8.80497076589007,-1.2078149198751813,0.8986746807448539
hydrogen_decentral_nt133_tc15_A200_b0ed9e9a,hydrogen_decentral,133,15.0,200.0,1995.0,1.6,150.0,8.0,0.10931753704434866,0.5926868540626541,,197989.89873223333,2.0,,8623169.17454877,218640192.05245358,0.3738794148604867,0.8531132039691746,0.8520561180029169,52.98946305577794,4751581869.650901,393152759.91417986,63784344.48429533,456937104.39847517,32.28613237380389,12.63834987334534,8.064980808628706,25.65851540777005,6.627616966033843,0.7801896179476282,3.7593435243470164,,,3.5254476663340597,,4.278526016037382,8.6640151824757,-1.188479448899273,0.8842881237315313
hydrogen_decentral_nt133_tc15_A250_06f7943d,hydrogen_decentral,133,15.0,250.0,1995.0,1.6,150.0,8.0,0.09883434743332886,0.5996626831931385,,221359.43621178655,2.0,,8718103.999407344,221047261.6482592,0.37826293843727127,0.8524975866708366,0.851385899592916,52.850478265604586,4797503010.798223,396952341.5852423,63803624.35271596,460755965.93795824,31.93455612253685,12.500725966609544,8.415196176458194,25.379109855079548,6.555446267457304,0.7716938297875683,4.156444650996956,,,3.487057695673668,,4.231935482360224,8.569669351779451,-1.175537633988951,0.8746587664588173
hydrogen_decentral_nt133_tc15_A300_32450dcc,hydrogen_decentral,133,15.0,300.0,1995.0,1.6,150.0,8.0,0.09047155110015204,0.6052275389706167,,242487.1130596428,2.0,,8798117.74139206,223076007.64178652,0.3819672468180134,0.8519764371263441,0.8508078146744775,52.762249190017236,4839018895.80426,400387425.988324,63821054.68611544,464208480.67443943,31.64412998718704,12.38703916546477,8.731080037365414,25.148301674576068,6.495828312610976,0.7646757251426025,4.511059369543434,,,3.4553449426793774,,4.193448500970048,8.491733214464345,-1.1648468058250132,0.86670425585539
hydrogen_decentral_nt200_tc15_A50_28c286a3,hydrogen_decentral,200,15.0,50.0,3000.0,1.6,150.0,8.0,0.262823585469372,0.4905393203403621,,120208.15280171309,3.0,,10805202.459568406,273965579.6036614,0.30779363022226364,0.8636228529229363,0.8621544872835574,60.61885810214055,6758772166.965233,559230589.7212185,95768444.94025877,654999034.6614772,38.746133938505636,15.167106152103045,6.705618011531878,30.792423915702912,7.953710022802727,0.6585498492341318,1.826805040449071,,,4.220263121848675,,5.134598971392184,10.397562917069173,-1.4262774920533845,1.0612217556950747
hydrogen_decentral_nt200_tc15_A100_464f2946,hydrogen_decentral,200,15.0,100.0,3000.0,1.6,150.0,8.0,0.19084460713814055,0.538436293728852,,170000.0,3.0,,11818830.294964455,299666082.52952474,0.33870724919454887,0.8583631521320353,0.8572128013828677,56.10839657015897,6856613146.7098675,567326093.9710772,95809523.21419735,663135617.1852746,35.42311813289025,13.866317445057435,6.818960992211289,28.151548531142247,7.271569601748002,0.6020701095712319,2.3585735765988782,,,3.8583173060411804,,4.694236235731574,9.505828377356437,-1.3039545099254373,0.9702073418948612
hydrogen_decentral_nt200_tc15_A150_ad3bf8fd,hydrogen_decentral,200,15.0,150.0,3000.0,1.6,150.0,8.0,0.1592964384045905,0.5594293924546059,,208206.62813657013,3.0,,12261132.622863669,310880644.5959348,0.3522510804094789,0.8562219760642358,0.8550227766818066,54.59357280725377,6931689170.998228,573537992.8632921,95841043.68241003,669379036.5457021,34.14528124020301,13.366110435314972,7.0821811317357914,27.136022818120168,7.009258422082846,0.5803513157849776,2.7826956326052974,,,3.7191341833455165,,4.52489856696668,9.162919598107528,-1.2569162686018556,0.9352085388426208
hydrogen_decentral_nt200_tc15_A200_7706bd91,hydrogen_decentral,200,15.0,200.0,3000.0,1.6,150.0,8.0,0.14055492220723298,0.5719005600562623,,240416.30560342618,3.0,,12527400.216165256,317631851.3226485,0.3604242638801146,0.8549683224229431,0.8539307800023288,53.853351126376836,6994981187.2206,578774865.8754764,95867616.66632019,674642482.5417966,33.419529551779846,13.082016210176217,7.351805364420771,26.559251631530778,6.860277920249068,0.568016055039969,3.143704640785138,,,3.640084668595663,,4.428722678069533,8.968163423090804,-1.2302007439082034,0.915330852924086
hydrogen_decentral_nt200_tc15_A250_17d08d38,hydrogen_decentral,200,15.0,250.0,3000.0,1.6,150.0,8.0,0.12733702219305276,0.5806961476001357,,268793.60111431225,3.0,,12713058.46072087,322339210.46452516,0.3661101925973326,0.8541549950884404,0.8530870717819811,53.431648540968695,7050742572.899491,583388643.6189094,95891027.93511666,679279671.554026,32.93147931511743,12.890969801294078,7.609199424557185,26.17138713378967,6.760092181327762,0.5597208942819223,3.4625527244106507,,,3.5869258058646127,,4.364046748152711,8.83719466500924,-1.2122352078201977,0.9019635959523248
hydrogen_decentral_nt200_tc15_A300_16e5271e,hydrogen_decentral,200,15.0,300.0,3000.0,1.6,150.0,8.0,0.11735847435264701,0.5873361729443175,,294448.63728670916,3.0,,12852616.433868377,325877698.62749434,0.37037660413724405,0.8535770412530724,0.8525704897624333,53.17765564650751,7101154718.9782505,587559817.536937,95912193.33995889,683472010.8768959,32.573898387559666,12.750995374559176,7.852761884388673,25.887209529825252,6.686688857734415,0.5536432591220917,3.751140849779491,,,3.5479777754870905,,4.316660480770744,8.741237473560757,-1.199072355769651,0.8921697759973277
hydrogen_decentral_nt267_tc15_A50_0fd26531,hydrogen_decentral,267,15.0,50.0,4005.0,1.6,150.0,8.0,0.3197382875485123,0.4526665686828744,,134350.28842544404,4.0,,13357415.43387608,338676861.9136937,0.28359649427885264,0.8680020861744184,0.8662515805662198,64.98880186556804,8946592891.53367,740254042.4697486,127828382.59850445,868082425.068253,41.84274007032537,16.379267189565624,6.766794605677042,33.25336644127958,8.589373629045783,0.5617719891055035,1.6531642434738207,,,4.551858373097717,,5.544958123210609,11.228540199501486,-1.5402661453362807,1.1460350121898106
hydrogen_decentral_nt267_tc15_A100_2cd04e16,hydrogen_decentral,267,15.0,100.0,4005.0,1.6,150.0,8.0,0.2284434818380432,0.5134168735774408,,190000.0,4.0,,15073161.342080941,382179547.21300566,0.32262863124399943,0.8609088796205226,0.859668616986826,58.1945772812746,9055944574.777674,749301958.9842966,127874293.61055346,877176252.5948501,37.07986993084678,14.514850029680597,6.599857320747215,29.468206439948,7.611663490898779,0.4978266779808229,2.068300630476909,,,4.0337300122894835,,4.913787329297215,9.950419341826864,-1.3649409248047824,1.015584283361301
hydrogen_decentral_nt267_tc15_A150_6ade096f,hydrogen_decentral,267,15.0,150.0,4005.0,1.6,150.0,8.0,0.1899811006719092,0.5390108968587206,,232701.5255644019,4.0,,15793531.706618974,400444515.88790506,0.33909303653329304,0.8582215227511596,0.8570751833008485,55.9820443143499,9139853072.511723,756244669.5108895,127909522.3691441,884154191.8800336,35.38859277287506,13.852802553452477,6.740648988022381,28.124110451174896,7.26448232170015,0.47511994004813446,2.415784455372951,,,3.8497445926012963,,4.689660969504952,9.49656346324753,-1.3026836026402646,0.9692617233402596
hydrogen_decentral_nt267_tc15_A200_12ec7457,hydrogen_decentral,267,15.0,200.0,4005.0,1.6,150.0,8.0,0.16689778095010377,0.5543712308904917,,268700.5768508881,4.0,,16230044.483433139,411512284.06270635,0.349103542290409,0.8566378776302301,0.855419364582321,54.83884333929908,9210591208.289669,762097645.2303897,127939221.58645545,890036866.8168452,34.436804075400964,13.480226537691195,6.921812726206922,27.36770257065418,7.069101504746778,0.46234142150729557,2.7132669521671136,,,3.7462043525325126,,4.56353088192539,9.241150035898917,-1.2676474672014975,0.9431930870683866
hydrogen_decentral_nt267_tc15_A250_41c3196e,hydrogen_decentral,267,15.0,250.0,4005.0,1.6,150.0,8.0,0.15119851360022407,0.5648179947639059,,300416.377715996,4.0,,16521898.573808953,418912235.64424324,0.3558032115313779,0.855607567317824,0.8544503771059389,54.18382176105978,9272912756.989605,767254220.355403,127965387.12216915,895219607.4775721,33.82848886973757,13.242102617692407,7.113230273629808,26.884260797679254,6.944228072058313,0.4541743071521101,2.979027123907673,,,3.680028842570026,,4.482917558432555,9.077908055825924,-1.2452548773423764,0.9265318807763037
hydrogen_decentral_nt267_tc15_A300_7f42c2a0,hydrogen_decentral,267,15.0,300.0,4005.0,1.6,150.0,8.0,0.13937132902855787,0.5726881584953638,,329089.6534380867,4.0,,16744828.674012465,424564621.5520402,0.36091986515337504,0.8548514742638713,0.8537520211542098,53.74227355266986,9329255743.783514,771916120.6167281,127989042.57463989,899905163.191368,33.37811767990462,13.065805605585684,7.29835026717956,26.52634068573296,6.851776994171647,0.4481277165434874,3.2191872937632944,,,3.6310352568727784,,4.4232348181692,8.957050506792632,-1.2286763383803336,0.9141966190041858
hydrogen_decentral_nt333_tc15_A50_14951e11,hydrogen_decentral,333,15.0,50.0,4995.0,1.6,150.0,8.0,0.3772315752690967,0.41440880876722996,,148492.424049175,5.0,,15311577.55911042,388224583.141745,0.2592233509932527,0.8728621519445312,0.8708772922842266,70.42036160459779,11104882478.608557,918834046.1675212,159412782.28187916,1078246828.4494004,45.52559006354885,17.82091235803961,7.073859183009334,36.18021014623516,9.345379917313682,0.5150408109654173,1.5951672516000288,,,4.963651120443887,,6.033005726024587,12.21683659519979,-1.6758349238957186,1.2469049607109495
hydrogen_decentral_nt333_tc15_A100_72ecde4b,hydrogen_decentral,333,15.0,100.0,4995.0,1.6,150.0,8.0,0.2652524623189685,0.48892307275632874,,210000.0,5.0,,17935025.25787161,454742019.722911,0.3068636228745729,0.8635647103994746,0.8621576940174146,60.680031688338296,11225744865.351929,928834374.9467584,159463526.03203857,1088297900.978797,38.86632960699926,15.214156535657676,6.59954554568137,30.887946116265187,7.9783834907340685,0.43970316237736795,1.9222498505761634,,,4.237592532727839,,5.150527181334177,10.429817542201711,-1.4307019948150492,1.064513806936837
hydrogen_decentral_nt333_tc15_A150_686573f5,hydrogen_decentral,333,15.0,150.0,4995.0,1.6,150.0,8.0,0.21976525420035342,0.5191916268159337,,257196.42299223368,5.0,,19001699.730375208,481787518.51864123,0.3263644318021488,0.8602176078264973,0.8589251189555912,57.679595811984505,11318485836.531668,936507897.1077297,159502463.08100718,1096010360.188737,36.68453943980571,14.360098602549847,6.634957769628954,29.15402840901826,7.530511030787447,0.41502010004914425,2.2202255287995927,,,3.999712140780218,,4.8613985274652425,9.844332018117118,-1.3503884798514563,1.0047565368189428
hydrogen_decentral_nt333_tc15_A200_8e58b07e,hydrogen_decentral,333,15.0,200.0,4995.0,1.6,150.0,8.0,0.1925800836014806,0.537281455581547,,296984.84809835,5.0,,19639923.497833613,497969662.723976,0.33805705780211526,0.8583377302639199,0.8569878775532739,56.13628098846099,11396670091.865187,942976975.5345455,159535288.5317197,1102512264.0662653,35.492429655298054,13.893449318900423,6.750402014262516,28.20663195659086,7.285797698707188,0.40153350516227787,2.479131994320776,,,3.8697365147794622,,4.703421329455391,9.524428192147166,-1.3065059248487196,0.9721057221465852
hydrogen_decentral_nt333_tc15_A250_d9013632,hydrogen_decentral,333,15.0,250.0,4995.0,1.6,150.0,8.0,0.17400015521352075,0.5496450978030708,,332039.1543176798,5.0,,20072884.28701067,508947370.3603111,0.34600298984411,0.8570978506720134,0.8559254961020148,55.21082772806306,11465551803.58617,948676348.0411392,159564208.33435068,1108240556.37549,34.72687797205974,13.593775455618347,6.890174300384979,27.59823081914919,7.128647152910542,0.3928726539965793,2.7110331649712576,,,3.7862684814171423,,4.6019711849960325,9.318991649616967,-1.2783253291655647,0.9511379501709119
hydrogen_decentral_nt333_tc15_A300_e2986130,hydrogen_decentral,333,15.0,300.0,4995.0,1.6,150.0,8.0,0.1603410998272693,0.5587342433774437,,363730.6695894642,5.0,,20393016.618773784,517064315.89183027,0.35190030831996305,0.8561644084491331,0.8549859495401457,54.59806900050282,11527825631.095226,953828974.6457617,159590353.8344499,1113419328.4802117,34.18173074701339,13.380378530807084,7.035959722682347,27.16499006081345,7.016740686199931,0.3867052859626562,2.922423309780129,,,3.7268311269395618,,4.529728819204834,9.17270085888979,-1.2582580053346761,0.936206858047136
