scenario_id,carrier,num_turbines,turbine_capacity_MW,farm_area_km2,farm_capacity_MW,stack_overplant_factor,compressor_outlet_pressure_bar,wake_loss_frac,farm_cf,infield_horizontal_cable_length_m,infield_horizontal_pipeline_length_m,num_export_pipelines,yield_el_MWh_year,yield_h2_MWh_year,yield_h2_kg_year,stack_sp_expected,stack_eff1,stack_eff2,total_LCOE,total_capex_EUR,total_annual_capex_EUR_per_year,total_annual_opex_EUR_per_year,total_annual_cost_EUR_per_year,turbine_LCOE,hydrogen_LCOE,infra_LCOE
electricity_nt50_tc15_A200_9276b7fa,electricity,50,15.0,200,750.0,,,0.053754099213902395,0.6296604339166372,61282.58770283412,,,3701244.8057398256,,,,,,86.4217163923634,3318420785.081134,274570937.8479213,45296991.05243401,319867928.90035534,30.2462452235854,,56.17547116877799
electricity_nt75_tc15_A200_d86ae8fb,electricity,75,15.0,200,1125.0,,,0.07215531677959253,0.6174157112421385,89566.85895029602,,,5443902.549194487,,,,,,82.53674494454232,4640368368.580118,383950793.89840555,65371202.30740355,449321996.2058091,30.84609533747801,,51.690649607064316
electricity_nt100_tc15_A200_4c4fa626,electricity,100,15.0,200,1500.0,,,0.08639459662359783,0.6079404668920301,117851.13019775793,,,7147142.726713154,,,,,,80.98006233288585,5962315952.079103,493330649.9488899,85445413.5623731,578776063.511263,31.326856705550007,,49.65320562733585
electricity_nt125_tc15_A200_d484cb92,electricity,125,15.0,200,1875.0,,,0.10352008261059809,0.5965446543145069,150849.44665313014,,,8766462.382904574,,,,,,80.81283956794505,7286149153.661252,602866524.7682551,105576193.35983756,708442718.1280926,31.92529470189682,,48.887544866048245
electricity_nt150_tc15_A200_209bdb13,electricity,150,15.0,200,2250.0,,,0.11633680565513049,0.5880160219717878,179133.71790059205,,,10369356.8618114,,,,,,86.08890793487447,9208736737.160236,761944203.6055332,130742404.6148071,892686608.2203404,32.38834178015908,,53.70056615471538
electricity_nt175_tc15_A200_6ef27f70,electricity,175,15.0,200,2625.0,,,0.1285518050845479,0.5798877945896361,207417.98914805395,,,11930356.430373067,,,,,,85.67561929026385,10530684320.659222,871324059.6560175,150816615.86977664,1022140675.5257941,32.842325824962565,,52.833293465301296
electricity_nt200_tc15_A200_4b1ee68a,electricity,200,15.0,200,3000.0,,,0.14055492220723298,0.5719005600562623,235702.26039551586,,,13446892.091607463,,,,,,85.64021596856473,11852631904.158207,980703915.706502,170890827.1247462,1151594742.8312483,33.301005842620974,,52.33921012594376
electricity_nt225_tc15_A200_c2522b0b,electricity,225,15.0,200,3375.0,,,0.14836960105665986,0.5667004381099886,268700.5768508881,,,14990201.432273066,,,,,,85.47326086556741,13176465105.740356,1090239790.5258672,191021606.92221066,1281261397.448078,33.6065804984175,,51.866680367149904
electricity_nt250_tc15_A200_26497315,electricity,250,15.0,200,3750.0,,,0.16021636737221745,0.5588172440981931,296984.84809835,,,16424085.988783227,,,,,,85.89308809738179,14498412689.23934,1199619646.5763514,211095818.1771802,1410715464.7535317,34.08066607279805,,51.81242202458374
hydrogen_central_nt50_tc15_A200_88cbe4e3,hydrogen_central,50,15.0,200,750.0,1.0,150.0,0.053754099213902395,0.6296604339166372,61282.58770283412,,1.0,,2951507.515439542,74835383.25150968,0.6140240544439066,,,71.09362587557898,2170130948.8449044,179559775.10627133,30273595.96534714,209833371.07161847,37.929348795934516,8.61440110865316,24.549875970991323
hydrogen_central_nt50_tc15_A200_d6d478c0,hydrogen_central,50,15.0,200,750.0,1.2,150.0,0.053754099213902395,0.6296604339166372,61282.58770283412,,1.0,,3023408.705466229,76658435.73697336,0.5116243917424496,,,70.03157192330742,2186989816.525478,180954702.21464765,30779361.99576434,211734064.210412,37.02733203900902,9.038196755400344,23.966043128898065
hydrogen_central_nt50_tc15_A200_f63d6614,hydrogen_central,50,15.0,200,750.0,1.4,150.0,0.053754099213902395,0.6296604339166372,61282.58770283412,,1.0,,3075990.9295296166,77991656.42823572,0.43839239080828313,,,69.44902874259627,2203758434.589789,182342161.9391741,31282420.537693672,213624582.47686777,36.39437195741269,9.498298820704791,23.556357964478792
hydrogen_central_nt50_tc15_A200_8a70beb5,hydrogen_central,50,15.0,200,750.0,1.6,150.0,0.053754099213902395,0.6296604339166372,61282.58770283412,,1.0,,3116564.7031775746,79020403.22458354,0.38319594292846193,,,69.1493992023228,2220469186.23854,183724833.71273854,31783743.087156206,215508576.79989475,35.92056276347743,9.979152786325047,23.249683652520325
hydrogen_central_nt50_tc15_A200_fe3f1065,hydrogen_central,50,15.0,200,750.0,1.8,150.0,0.053754099213902395,0.6296604339166372,61282.58770283412,,1.0,,3150051.22061368,79869452.85531643,0.3402300035338893,,,69.01129272878538,2237149210.709554,185104963.0751517,32284143.82128663,217389106.89643833,35.53871038488037,10.470053700141142,23.00252864376387
hydrogen_central_nt50_tc15_A200_a1efc4f7,hydrogen_central,50,15.0,200,750.0,2.0,150.0,0.053754099213902395,0.6296604339166372,61282.58770283412,,1.0,,3178563.1268866123,80592371.37136441,0.3058731086552313,,,68.98319581121473,2253809771.064112,186483481.94840276,32783960.631923366,219267442.58032614,35.21992597220548,10.967075288529161,22.79619455048008
hydrogen_central_nt75_tc15_A200_171b7d32,hydrogen_central,75,15.0,200,1125.0,1.0,150.0,0.07215531677959253,0.6174157112421385,89566.85895029602,,1.0,,4347487.766941765,110230420.05430442,0.6020589255329686,,,70.61713712970676,3168270833.33066,262147313.55792946,44859826.2499198,307007139.8078493,38.625327095173866,8.410897761029169,23.580912273503724
hydrogen_central_nt75_tc15_A200_a84ab45f,hydrogen_central,75,15.0,200,1125.0,1.2,150.0,0.07215531677959253,0.6174157112421385,89566.85895029602,,1.0,,4452359.111099305,112889429.79460712,0.5016379541774306,,,69.59336026465556,3193527665.770936,264237100.42322746,45617531.22312808,309854631.6463555,37.71554199700029,8.852333331631698,23.02548493602358
hydrogen_central_nt75_tc15_A200_cba5e45d,hydrogen_central,75,15.0,200,1125.0,1.4,150.0,0.07215531677959253,0.6174157112421385,89566.85895029602,,1.0,,4528807.87627001,114827785.90948303,0.4297843377406564,,,69.0441869177647,3218657961.2419157,266316417.4365741,46371440.087257475,312687857.5238316,37.07888292640415,9.328501891727347,22.636802099633208
hydrogen_central_nt75_tc15_A200_69c19cae,hydrogen_central,75,15.0,200,1125.0,1.6,150.0,0.07215531677959253,0.6174157112421385,89566.85895029602,,1.0,,4588515.252403692,116341664.6146981,0.3756914746933341,,,68.76122644700763,3243707123.5053296,268389021.37091878,47122914.95515989,315511936.32607865,36.596399445861316,9.822582941113927,22.34224406003238
hydrogen_central_nt75_tc15_A200_fdc0b72d,hydrogen_central,75,15.0,200,1125.0,1.8,150.0,0.07215531677959253,0.6174157112421385,89566.85895029602,,1.0,,4637390.983955644,117580907.30110659,0.33359425571436163,,,68.64439578233605,3268710933.9627376,270457872.83120584,47873029.268882126,318330902.100088,36.21069209419045,10.326935465006065,22.10676822313953
hydrogen_central_nt75_tc15_A200_f474e32d,hydrogen_central,75,15.0,200,1125.0,2.0,150.0,0.07215531677959253,0.6174157112421385,89566.85895029602,,1.0,,4678005.589522267,118610689.38950981,0.29983708224289807,,,68.6504265456317,3293690008.436919,272524677.60044533,48622401.50310756,321147079.1035529,35.89630961889072,10.839280426331019,21.914836500409958
hydrogen_central_nt100_tc15_A200_c1016c8c,hydrogen_central,100,15.0,200,1500.0,1.0,150.0,0.08639459662359783,0.6079404668920301,117851.13019775793,,1.0,,5714018.220446498,144878758.12491122,0.5927761800184312,,,70.6902010585858,4164141705.8880415,344547110.6791443,59377986.17664124,403925096.85578555,39.18389956347766,8.304360804950583,23.201940690157553
hydrogen_central_nt100_tc15_A200_d7e116eb,hydrogen_central,100,15.0,200,1500.0,1.2,150.0,0.08639459662359783,0.6079404668920301,117851.13019775793,,1.0,,5851244.84306359,148358134.9661154,0.49391923625380313,,,69.68065697646963,4197789384.1519566,347331168.2702923,60387416.524558686,407718584.79485095,38.26493713030625,8.757923871270457,22.657795974892935
hydrogen_central_nt100_tc15_A200_d2747978,hydrogen_central,100,15.0,200,1500.0,1.4,150.0,0.08639459662359783,0.6079404668920301,117851.13019775793,,1.0,,5951259.101950905,150893993.45717305,0.4232206639747251,,,69.14395613498161,4231273196.8527803,350101667.38762003,61391930.9055834,411493598.2932034,37.621873324329,9.24506385010711,22.277018960545494
hydrogen_central_nt100_tc15_A200_6cf2619e,hydrogen_central,100,15.0,200,1500.0,1.6,150.0,0.08639459662359783,0.6079404668920301,117851.13019775793,,1.0,,6027835.786048638,152835592.95255166,0.3698583884568443,,,68.88996356583294,4264657453.355508,352863929.08104944,62393458.60066524,415257387.68171465,37.14393092327853,9.75201745054708,21.994015192007343
hydrogen_central_nt100_tc15_A200_8942b5d3,hydrogen_central,100,15.0,200,1500.0,1.8,150.0,0.08639459662359783,0.6079404668920301,117851.13019775793,,1.0,,6092366.8450134015,154471775.9891836,0.3284064871397072,,,68.77704441769149,4297986788.070131,355621646.4662537,63393338.64210393,419014985.1083576,36.75049808222184,10.265494313168503,21.761052022301133
hydrogen_central_nt100_tc15_A200_b1ad3bbd,hydrogen_central,100,15.0,200,1500.0,2.0,150.0,0.08639459662359783,0.6079404668920301,117851.13019775793,,1.0,,6147565.567058876,155871337.90717232,0.2952720606424909,,,68.77009409998271,4331281352.940577,358376486.94423515,64392175.588217296,422768662.53245246,36.42051696912184,10.783916641824954,21.565660489035913
hydrogen_central_nt125_tc15_A200_a1cb7d90,hydrogen_central,125,15.0,200,1875.0,1.0,150.0,0.10352008261059809,0.5965446543145069,150849.44665313014,,1.0,,7018061.607455339,177942738.5257439,0.5816896369239274,,,71.37082978915343,5160383573.610388,426977604.4771759,73907275.95831162,500884880.4354875,39.878802826411665,8.287972555103625,23.204054407638132
hydrogen_central_nt125_tc15_A200_daf8e4ac,hydrogen_central,125,15.0,200,1875.0,1.2,150.0,0.10352008261059809,0.5965446543145069,150849.44665313014,,1.0,,7184358.111275126,182159181.32036325,0.4845978014254257,,,70.37845680650742,5202419193.191544,430455692.4711113,75168344.5457463,505624037.0168576,38.95572725252802,8.755779931858335,22.666949622121052
hydrogen_central_nt125_tc15_A200_de4441ef,hydrogen_central,125,15.0,200,1875.0,1.4,150.0,0.10352008261059809,0.5965446543145069,150849.44665313014,,1.0,,7307194.795425935,185273701.70958254,0.41520814251295857,,,69.84092121744231,5244259874.966369,433917651.02885616,76423564.99899106,510341216.02784723,38.30086687199195,9.254144644851282,22.285909700599092
hydrogen_central_nt125_tc15_A200_318a7d0e,hydrogen_central,125,15.0,200,1875.0,1.6,150.0,0.10352008261059809,0.5965446543145069,150849.44665313014,,1.0,,7402548.501878011,187691392.03544652,0.36294463370642904,,,69.5766260659161,5285975970.892562,437369301.173197,77675047.87677686,515044349.04997385,37.80750575242003,9.770279868987545,21.99884044450853
hydrogen_central_nt125_tc15_A200_a38cecbd,hydrogen_central,125,15.0,200,1875.0,1.8,150.0,0.10352008261059809,0.5965446543145069,150849.44665313014,,1.0,,7479779.352902978,189649577.91336152,0.3222052037751021,,,69.48601080373734,5327625958.507179,440815481.4201725,78924547.50521538,519740028.92538786,37.41713249317977,10.297182155864567,21.771696154693025
hydrogen_central_nt125_tc15_A200_d8b3a756,hydrogen_central,125,15.0,200,1875.0,2.0,150.0,0.10352008261059809,0.5965446543145069,150849.44665313014,,1.0,,7545452.947983535,191314729.91844663,0.2896537822928125,,,69.50288971404856,5369232264.630327,444258047.39733243,80172736.68890983,524430784.08624226,37.09146382552353,10.829224727351567,21.58220116117347
hydrogen_central_nt150_tc15_A200_5784a789,hydrogen_central,150,15.0,200,2250.0,1.0,150.0,0.11633680565513049,0.5880160219717878,179133.71790059205,,1.0,,8310467.778386912,210711657.66701096,0.5733481125985473,,,71.89826513229623,6153641194.456598,509161177.3701691,88347038.33369797,597508215.7038671,40.41243923166672,8.273406006753394,23.212419893876124
hydrogen_central_nt150_tc15_A200_33d085fe,hydrogen_central,150,15.0,200,2250.0,1.2,150.0,0.11633680565513049,0.5880160219717878,179133.71790059205,,1.0,,8506209.122830588,215674673.4997614,0.4776550415537789,,,70.91200667641174,6204058698.856323,513332794.6434275,89859563.46568969,603192358.1091172,39.4824849978561,8.751256331341605,22.67826534721404
hydrogen_central_nt150_tc15_A200_7ae0eb74,hydrogen_central,150,15.0,200,2250.0,1.4,150.0,0.11633680565513049,0.5880160219717878,179133.71790059205,,1.0,,8649862.139398493,219316991.36405915,0.40921156273456555,,,70.38851410238811,6254249513.495887,517485655.27788717,91365287.90487659,608850943.1827638,38.82677766054431,9.260101516612549,22.301634925231244
hydrogen_central_nt150_tc15_A200_fa7ca3d1,hydrogen_central,150,15.0,200,2250.0,1.6,150.0,0.11633680565513049,0.5880160219717878,179133.71790059205,,1.0,,8762021.854385223,222160797.5249803,0.3576929123849163,,,70.13143721843011,6304295371.072181,521626521.9551644,92866663.63216543,614493185.5873299,38.329769048989625,9.78550902348958,22.016159145950898
hydrogen_central_nt150_tc15_A200_c369e792,hydrogen_central,150,15.0,200,2250.0,1.8,150.0,0.11633680565513049,0.5880160219717878,179133.71790059205,,1.0,,8854147.540031428,224496641.4815271,0.31760471312162675,,,70.03797081812812,6354262278.4132,525760856.175726,94365670.85239601,620126527.028122,37.930955245816165,10.31993028665608,21.787085285655877
hydrogen_central_nt150_tc15_A200_a3762cdf,hydrogen_central,150,15.0,200,2250.0,2.0,150.0,0.11633680565513049,0.5880160219717878,179133.71790059205,,1.0,,8930992.060718685,226445031.9654839,0.28548731243490066,,,70.06552342986454,6404182752.1946945,529891348.41637844,95863285.06584084,625754633.4822192,37.60458768717789,10.861312064270626,21.59962367841603
hydrogen_central_nt175_tc15_A200_9e3915e3,hydrogen_central,175,15.0,200,2625.0,1.0,150.0,0.1285518050845479,0.5798877945896361,207417.98914805395,,1.0,,9571380.48860644,242682061.070143,0.5653835621829328,,,72.51146225619271,7146040604.4541,591273740.6556222,102761054.383623,694034795.0392452,40.93669179285729,8.279839072534283,23.294931390801146
hydrogen_central_nt175_tc15_A200_adf528ca,hydrogen_central,175,15.0,200,2625.0,1.2,150.0,0.1285518050845479,0.5798877945896361,207417.98914805395,,1.0,,9796546.094403133,248391128.15423766,0.47106700833688797,,,71.52149000333026,7204836891.793123,596138630.554224,104524943.00379369,700663573.5580177,39.995795387325416,8.766178185543525,22.759516430461318
hydrogen_central_nt175_tc15_A200_2d02d49f,hydrogen_central,175,15.0,200,2625.0,1.4,150.0,0.1285518050845479,0.5798877945896361,207417.98914805395,,1.0,,9959500.157925503,252522823.476813,0.4035322123686531,,,71.01390522394792,7263372833.139356,600981979.0486354,106281021.24418065,707263000.292816,39.341397347380855,9.285375162892622,22.387132713674436
hydrogen_central_nt175_tc15_A200_a7c8a63c,hydrogen_central,175,15.0,200,2625.0,1.6,150.0,0.1285518050845479,0.5798877945896361,207417.98914805395,,1.0,,10087396.14973581,255765622.4578045,0.35270782816490587,,,70.76595448274365,7321747252.290561,605811962.9628912,108032253.8187168,713844216.781608,38.84259597602018,9.820067579343847,22.103290927379632
hydrogen_central_nt175_tc15_A200_22f743ac,hydrogen_central,175,15.0,200,2625.0,1.8,150.0,0.1285518050845479,0.5798877945896361,207417.98914805395,,1.0,,10192921.682054108,258441219.11901897,0.31315370232588136,,,70.67802339433543,7380034071.2751465,610634698.7125946,109780858.3882544,720415557.100849,38.440465385317154,10.363098579991519,21.874459429026757
hydrogen_central_nt175_tc15_A200_7d774fe6,hydrogen_central,175,15.0,200,2625.0,2.0,150.0,0.1285518050845479,0.5798877945896361,207417.98914805395,,1.0,,10283440.122064522,260736311.41137227,0.281551801335543,,,70.69430432986577,7438265437.069538,615452846.1850951,111527799.36208615,726980645.5471812,38.102098951648,10.910292598958343,21.681912779259417
hydrogen_central_nt200_tc15_A200_0d215370,hydrogen_central,200,15.0,200,3000.0,1.0,150.0,0.14055492220723298,0.5719005600562623,235702.26039551586,,1.0,,10799215.732300417,273813786.3159335,0.5575574985161766,,,73.19819916699043,8137746122.751499,673328890.3376775,117154253.68254493,790483144.0202224,41.46551408991307,8.302906259765379,23.42977881731198
hydrogen_central_nt200_tc15_A200_b4d3a5db,hydrogen_central,200,15.0,200,3000.0,1.2,150.0,0.14055492220723298,0.5719005600562623,235702.26039551586,,1.0,,11051286.891799824,280205042.8955331,0.46453139627222273,,,72.21387650188903,8204918604.264578,678886838.6634403,119169428.12793732,798056266.7913777,40.51971833614986,8.798794170078127,22.89536399566105
hydrogen_central_nt200_tc15_A200_af17983d,hydrogen_central,200,15.0,200,3000.0,1.4,150.0,0.14055492220723298,0.5719005600562623,235702.26039551586,,1.0,,11235818.095836248,284883825.95933694,0.39798218970987864,,,71.69897532707876,8271800641.309658,684420755.1936184,121175889.23928975,805596644.4329082,39.85424365971687,9.325389163766218,22.519342503595674
hydrogen_central_nt200_tc15_A200_0f8a9ad7,hydrogen_central,200,15.0,200,3000.0,1.6,150.0,0.14055492220723298,0.5719005600562623,235702.26039551586,,1.0,,11377676.787859585,288480648.77940124,0.34780723949008474,,,71.46596248881478,8338501737.414814,689939700.4085873,123176922.1224444,813116622.5310317,39.35733458218186,9.870060163328764,22.238567743304156
hydrogen_central_nt200_tc15_A200_1fa7a1ab,hydrogen_central,200,15.0,200,3000.0,1.8,150.0,0.14055492220723298,0.5719005600562623,235702.26039551586,,1.0,,11496711.327768784,291498765.9170584,0.3088187123988263,,,71.3791573204613,8405104962.712902,695450547.6513506,125175018.88138704,820625566.5327376,38.949836987393454,10.421006060003473,22.008314273064375
hydrogen_central_nt200_tc15_A200_c7354f3c,hydrogen_central,200,15.0,200,3000.0,2.0,150.0,0.14055492220723298,0.5719005600562623,235702.26039551586,,1.0,,11597063.293123536,294043186.94532293,0.27763475364394935,,,71.40836553984018,8471644540.518433,700956128.6084752,127171206.21555294,828127334.8240281,38.61279539391954,10.977698706151525,21.817871439769103
hydrogen_central_nt225_tc15_A200_999dbf72,hydrogen_central,225,15.0,200,3375.0,1.0,150.0,0.14836960105665986,0.5667004381099886,268700.5768508881,,1.0,,12047401.325204724,305461494.04677296,0.5524963617712213,,,73.63239114431273,9130759710.552866,755492271.5833999,131586695.06658596,887078966.6499858,41.81560799068154,8.301802629340294,23.514980524290895
hydrogen_central_nt225_tc15_A200_383f7640,hydrogen_central,225,15.0,200,3375.0,1.2,150.0,0.14836960105665986,0.5667004381099886,268700.5768508881,,1.0,,12325321.136335429,312508142.4020139,0.4602752533956687,,,72.66307979124974,9206302705.177517,761742808.2769927,133852984.9053255,895595793.1823182,40.87272092538427,8.805610282289454,22.984748583576028
hydrogen_central_nt225_tc15_A200_b73ca92f,hydrogen_central,225,15.0,200,3375.0,1.4,150.0,0.14836960105665986,0.5667004381099886,268700.5768508881,,1.0,,12531158.960845882,317727154.17966235,0.39432489753892036,,,72.14634614049322,9281532702.365753,767967447.1097578,136109884.8209726,904077331.9307303,40.201342325576285,9.337804559391543,22.607199255525394
hydrogen_central_nt225_tc15_A200_82591999,hydrogen_central,225,15.0,200,3375.0,1.6,150.0,0.14836960105665986,0.5667004381099886,268700.5768508881,,1.0,,12688696.018469293,321721501.4824872,0.34460518883833086,,,71.91723528519503,9356559281.404243,774175254.8304461,138360682.19212735,912535937.0225735,39.70222081038951,9.888495885491823,22.326518589313704
hydrogen_central_nt225_tc15_A200_611809f8,hydrogen_central,225,15.0,200,3375.0,1.8,150.0,0.14836960105665986,0.5667004381099886,268700.5768508881,,1.0,,12820409.899717316,325061102.934009,0.3059708591137387,,,71.83718522834948,9431476038.852036,780373975.7537972,140608184.9155611,920982160.6693583,39.29432951533679,10.445714533716096,22.09714117929661
hydrogen_central_nt225_tc15_A200_3cf4d4ab,hydrogen_central,225,15.0,200,3375.0,2.0,150.0,0.14836960105665986,0.5667004381099886,268700.5768508881,,1.0,,12933274.26041428,327922775.3654736,0.2750883169360797,,,71.86277052772134,9506326592.005856,786567218.8380607,142853701.51017565,929420920.3482363,38.951421038297944,11.007042673816521,21.90430681560687
hydrogen_central_nt250_tc15_A200_6fa86814,hydrogen_central,250,15.0,200,3750.0,1.0,150.0,0.16021636737221745,0.5588172440981931,296984.84809835,,1.0,,13213105.369988482,335017884.6345964,0.5448017477540875,,,74.42657677804787,10121390962.569382,837458534.918803,145947666.37708145,983406201.2958844,42.36277350864192,8.348485562704473,23.715317706701477
hydrogen_central_nt250_tc15_A200_ee9ef825,hydrogen_central,250,15.0,200,3750.0,1.2,150.0,0.16021636737221745,0.5588172440981931,296984.84809835,,1.0,,13517154.552635385,342727042.40961933,0.4538604033912448,,,73.45240496664141,10205311376.438894,844402231.4036881,148465278.79316685,992867510.196855,41.4098831196327,8.86064651065643,23.181875336352284
hydrogen_central_nt250_tc15_A200_392cbb0d,hydrogen_central,250,15.0,200,3750.0,1.4,150.0,0.16021636737221745,0.5588172440981931,296984.84809835,,1.0,,13741536.72072945,348416245.4546007,0.38881882840905757,,,72.93868767116373,10288884410.49628,851317185.1802243,150972469.81488848,1002289654.9951128,40.73371133886758,9.401632127808499,22.803344204487658
hydrogen_central_nt250_tc15_A200_8ec39e10,hydrogen_central,250,15.0,200,3750.0,1.6,150.0,0.16021636737221745,0.5588172440981931,296984.84809835,,1.0,,13914198.879695708,352794089.2417776,0.33982005744334537,,,72.70893096766396,10372233268.087267,858213590.2715244,153472935.542618,1011686525.8141425,40.22824418238325,9.960310696747115,22.520376088533602
hydrogen_central_nt250_tc15_A200_eb556c5d,hydrogen_central,250,15.0,200,3750.0,1.8,150.0,0.16021636737221745,0.5588172440981931,296984.84809835,,1.0,,14056142.635336267,356393068.84726846,0.30167227002977587,,,72.64229028125142,10455466790.256054,865100452.3430898,155969941.20768163,1021070393.5507715,39.82200555702112,10.527327127624082,22.29295759660622
hydrogen_central_nt250_tc15_A200_d4390ce6,hydrogen_central,250,15.0,200,3750.0,2.0,150.0,0.16021636737221745,0.5588172440981931,296984.84809835,,1.0,,14177624.750232149,359473244.17424315,0.2712009781756073,,,72.68112103591095,10538624024.47332,871981002.23915,158464658.23419958,1030445660.4733496,39.48078750818094,11.098394926465417,22.101938601264596
hydrogen_decentral_nt50_tc15_A200_768a5526,hydrogen_decentral,50,15.0,200,750.0,1.0,150.0,0.053754099213902395,0.6296604339166372,,141421.35623730952,1.0,,3235373.1675054873,82032788.22275577,0.6294538462718697,0.7992558988062667,0.7988911604575499,56.360837444706924,1948838709.2552094,161249734.97038063,21098606.19636267,182348341.1667433,34.60149795123706,10.770557917373953,10.988781576095917
hydrogen_decentral_nt50_tc15_A200_f8e9c2f2,hydrogen_decentral,50,15.0,200,750.0,1.2,150.0,0.053754099213902395,0.6296604339166372,,141421.35623730952,1.0,,3354391.6205847845,85050497.47933024,0.5304408637310241,0.8291944453888668,0.8287679912390423,54.95958799860802,1966646182.3558474,162723151.06394103,21632830.389381807,184355981.45332283,33.37378895771627,10.986914630167725,10.59888441072403
hydrogen_decentral_nt50_tc15_A200_5e139d94,hydrogen_decentral,50,15.0,200,750.0,1.4,150.0,0.053754099213902395,0.6296604339166372,,141421.35623730952,1.0,,3398343.5119005158,86164896.34636196,0.4546635974837349,0.8402606469948442,0.8397237226646129,54.81999782050723,1983864361.7593627,164147808.1442339,22149375.771487262,186297183.91572118,32.94215479833037,11.416037460032097,10.461805562144765
hydrogen_decentral_nt50_tc15_A200_b9e10648,hydrogen_decentral,50,15.0,200,750.0,1.6,150.0,0.053754099213902395,0.6296604339166372,,141421.35623730952,1.0,,3436667.3979380345,87136597.3108021,0.39783064779826804,0.8499116667423507,0.8489910439070779,54.77179573735859,2001029839.6837802,165568104.62788188,22664340.109219786,188232444.73710167,32.57480141782024,11.8518532458893,10.345141073649057
hydrogen_decentral_nt50_tc15_A200_5af9b5d2,hydrogen_decentral,50,15.0,200,750.0,1.8,150.0,0.053754099213902395,0.6296604339166372,,141421.35623730952,1.0,,3469369.305136585,87965753.17283432,0.3536272424873494,0.8581524353813774,0.8571712710590655,54.8121527310401,2018158903.9816318,166985388.19537362,23178212.03815534,190163600.23352897,32.267754793697634,12.296769066515266,10.247628870827205
hydrogen_decentral_nt50_tc15_A200_523366ed,hydrogen_decentral,50,15.0,200,750.0,2.0,150.0,0.053754099213902395,0.6296604339166372,,141421.35623730952,1.0,,3498470.5570203224,88703614.52891284,0.31826451823861446,0.8654885297120576,0.8643544023436823,54.90731456788987,2035260184.8048072,168400372.91796514,23691250.462850597,192091623.38081574,31.99934262767562,12.745585698736193,10.162386241478055
hydrogen_decentral_nt75_tc15_A200_f2073515,hydrogen_decentral,75,15.0,200,1125.0,1.0,150.0,0.07215531677959253,0.6174157112421385,,155563.49186104047,2.0,,4763184.3496995475,120770394.26215892,0.6171550684915333,0.800551187651186,0.8001372015386486,55.5061124080962,2812140877.880289,232680605.68792197,31705240.246985693,264385845.93490767,35.254385451401845,10.97378503326253,9.277941923431817
hydrogen_decentral_nt75_tc15_A200_c37a19c4,hydrogen_decentral,75,15.0,200,1125.0,1.2,150.0,0.07215531677959253,0.6174157112421385,,155563.49186104047,2.0,,4937190.967566357,125182326.76385286,0.5197845435008785,0.8303298644909948,0.8297795546428943,54.15980627878823,2838852087.531246,234890729.82826254,32506576.5365144,267397306.36477694,34.01187803824519,11.19697858973479,8.950949650808253
hydrogen_decentral_nt75_tc15_A200_f5501006,hydrogen_decentral,75,15.0,200,1125.0,1.4,150.0,0.07215531677959253,0.6174157112421385,,155563.49186104047,2.0,,5001452.1305602025,126811666.59635402,0.4455296087150388,0.84133789968337,0.8406678897260161,54.04612560554441,2864679356.6365185,237027715.44870183,33281394.609672576,270309110.0583744,33.574876387267146,11.635305853532552,8.835943364744717
hydrogen_decentral_nt75_tc15_A200_28bf528c,hydrogen_decentral,75,15.0,200,1125.0,1.6,150.0,0.07215531677959253,0.6174157112421385,,155563.49186104047,2.0,,5057573.757025303,128234628.72782208,0.3898384076256589,0.8509534744367799,0.8500713734867641,54.02036913667065,2890427573.5231447,239158160.1741738,34053841.11627137,273212001.29044515,33.20231105026128,12.080163220175272,8.737894866234107
hydrogen_decentral_nt75_tc15_A200_d06451aa,hydrogen_decentral,75,15.0,200,1125.0,1.8,150.0,0.07215531677959253,0.6174157112421385,,155563.49186104047,2.0,,5105412.6599987615,129447582.6571694,0.34652302900058574,0.8591551370702405,0.8580206772987349,54.08157046704879,2916121169.969922,241284085.52541137,34824649.0096747,276108734.53508604,32.89119768046986,12.534354025673844,8.656018760905111
hydrogen_decentral_nt75_tc15_A200_0ba67210,hydrogen_decentral,75,15.0,200,1125.0,2.0,150.0,0.07215531677959253,0.6174157112421385,,155563.49186104047,2.0,,5148008.924828464,130527609.65589415,0.3118707261005272,0.8664606473621016,0.8650067195545981,54.195859667300944,2941773091.204685,243406562.60929865,35594206.64671758,279000769.25601625,32.619045439201145,12.992418122262766,8.584396105837031
hydrogen_decentral_nt100_tc15_A200_83d6bc0f,hydrogen_decentral,100,15.0,200,1500.0,1.0,150.0,0.08639459662359783,0.6079404668920301,,169705.62748477142,2.0,,6258068.600695281,158673138.9628621,0.6076584749629644,0.8015396880835253,0.8011925286802448,54.37002514773065,3603363046.5053687,298147472.8984173,42103874.29760872,340251347.196026,35.777414780812975,11.136590634709226,7.4560197322084445
hydrogen_decentral_nt100_tc15_A200_d3ee1a6a,hydrogen_decentral,100,15.0,200,1500.0,1.2,150.0,0.08639459662359783,0.6079404668920301,,169705.62748477142,2.0,,6485657.839922473,164443657.19884568,0.5115609619270023,0.8312215760545393,0.8307320300124899,53.08121955648839,3638977992.7066445,301094305.085538,43172322.68364699,344266627.769185,34.52194389220713,11.364896293066097,7.19437937121516
hydrogen_decentral_nt100_tc15_A200_168c8934,hydrogen_decentral,100,15.0,200,1500.0,1.4,150.0,0.08639459662359783,0.6079404668920301,,169705.62748477142,2.0,,6569271.838598565,166563687.5912415,0.43848082450885906,0.8421368804827155,0.8414738605857304,52.9965940286394,3673414351.5136747,303943619.2461238,44205413.4478579,348149032.6939817,34.08254697854327,11.811238075418009,7.102808974678117
hydrogen_decentral_nt100_tc15_A200_2ba03101,hydrogen_decentral,100,15.0,200,1500.0,1.6,150.0,0.08639459662359783,0.6079404668920301,,169705.62748477142,2.0,,6643047.801305027,168434274.88095912,0.3836707214452516,0.8517696759174067,0.8508250151301266,52.990670075802925,3707745307.3625097,306784212.21341974,45235342.12332295,352019554.3367427,33.70403506804095,12.262707983914327,7.023927023847652
hydrogen_decentral_nt100_tc15_A200_70051dc6,hydrogen_decentral,100,15.0,200,1500.0,1.8,150.0,0.08639459662359783,0.6079404668920301,,169705.62748477142,2.0,,6705557.100637812,170019196.26363623,0.34104064128466816,0.8599365636083692,0.8588946757701396,53.07267688403502,3742003435.9582133,309618779.3484032,46263085.98119406,355881865.3295973,33.38984557040913,12.724381438095051,6.958449875530838
hydrogen_decentral_nt100_tc15_A200_171e8cf2,hydrogen_decentral,100,15.0,200,1500.0,2.0,150.0,0.08639459662359783,0.6079404668920301,,169705.62748477142,2.0,,6761183.883816399,171429611.65863082,0.3069365771562013,0.8672068995043626,0.8658617740847263,53.20634933258377,3776205997.6045637,312448748.7935862,47289162.83058457,359737911.6241708,33.11513484935369,13.190014371814033,6.901200111416046
hydrogen_decentral_nt125_tc15_A200_5850de1e,hydrogen_decentral,125,15.0,200,1875.0,1.0,150.0,0.10352008261059809,0.5965446543145069,,197989.89873223333,2.0,,7684050.182889591,194828858.5925353,0.5962523116334763,0.8027737528088968,0.8021910465010575,54.45407465676743,4422374511.63108,365913666.7152959,52514175.61012132,418427842.3254172,36.42244498747862,11.337371976867844,6.694257692420959
hydrogen_decentral_nt125_tc15_A200_d04232fe,hydrogen_decentral,125,15.0,200,1875.0,1.2,150.0,0.10352008261059809,0.5965446543145069,,197989.89873223333,2.0,,7961133.470204797,201854296.91188633,0.5017385143355896,0.8322501998695766,0.8318981276897731,53.189278213542245,4466893194.382674,369597206.9491968,53849736.09266916,423446943.04186594,35.15477992107091,11.573230906580607,6.461267385890728
hydrogen_decentral_nt125_tc15_A200_06da0693,hydrogen_decentral,125,15.0,200,1875.0,1.4,150.0,0.10352008261059809,0.5965446543145069,,197989.89873223333,2.0,,8063296.937249633,204444648.51038623,0.43006158371621966,0.8431294611422064,0.8426029981537239,53.117223950821504,4509938642.891462,373158849.64992905,55141099.54793279,428299949.19786185,34.709362342146946,12.028459678413626,6.379401930260927
hydrogen_decentral_nt125_tc15_A200_b03e3edb,hydrogen_decentral,125,15.0,200,1875.0,1.6,150.0,0.10352008261059809,0.5965446543145069,,197989.89873223333,2.0,,8153783.841186193,206738941.2065465,0.37630388575169216,0.8527656683763377,0.8516832247349821,53.121116488697744,4552852337.702506,376709590.85904896,56428510.39226411,433138101.2513131,34.32417396861064,12.488336227885702,6.308606292201401
hydrogen_decentral_nt125_tc15_A200_ec733efd,hydrogen_decentral,125,15.0,200,1875.0,1.8,150.0,0.10352008261059809,0.5965446543145069,,197989.89873223333,2.0,,8230104.913704331,208674059.67810172,0.3344923428903931,0.8608991761094538,0.85975000987605,53.215116281580286,4595674998.447135,380252799.77777827,57713190.21460299,437965989.9923813,34.0058721002807,12.959140132187919,6.250104049111674
hydrogen_decentral_nt125_tc15_A200_c87021ed,hydrogen_decentral,125,15.0,200,1875.0,2.0,150.0,0.10352008261059809,0.5965446543145069,,197989.89873223333,2.0,,8297970.825826904,210394797.81508377,0.30104310860135375,0.8681342048096812,0.8668233143722275,53.36076218567254,4638428200.505074,383790261.58425707,58995786.276341125,442786047.8605982,33.727751150466545,13.434024183425713,6.19898685178028
hydrogen_decentral_nt150_tc15_A200_15299924,hydrogen_decentral,150,15.0,200,2250.0,1.0,150.0,0.11633680565513049,0.5880160219717878,,212132.03435596428,3.0,,9096081.410595845,230630867.4086168,0.5877840203770596,0.803671309294013,0.8031975520702774,55.019884332895195,5285676680.25616,437344537.43283725,63120809.66074434,500465347.09358156,36.922083138961874,11.492896505195025,6.604904688738288
hydrogen_decentral_nt150_tc15_A200_f1e475f9,hydrogen_decentral,150,15.0,200,2250.0,1.2,150.0,0.11633680565513049,0.5880160219717878,,212132.03435596428,3.0,,9422797.619229335,238914746.9378635,0.4944037091078517,0.8330657593824787,0.8324781368146247,53.751368587150495,5339099099.558074,441764785.7135184,64723482.23980176,506488267.95332015,35.641885526164295,11.73358991483759,6.375893146148602
hydrogen_decentral_nt150_tc15_A200_f140b297,hydrogen_decentral,150,15.0,200,2250.0,1.4,150.0,0.11633680565513049,0.5880160219717878,,212132.03435596428,3.0,,9543089.109005574,241964734.00115553,0.42377460780673004,0.8438990456590548,0.8434026005667364,53.68407121516441,5390753637.768619,446038756.95439696,66273118.38611811,512311875.3405151,35.192616378679276,12.195930392382964,6.295524444102159
hydrogen_decentral_nt150_tc15_A200_725db6ed,hydrogen_decentral,150,15.0,200,2250.0,1.6,150.0,0.11633680565513049,0.5880160219717878,,212132.03435596428,3.0,,9650233.210882626,244681369.44428566,0.3708027818308888,0.8535480031920597,0.8525321313898919,53.68965148120692,5442250071.541871,450299646.4053409,67818011.39931569,518117657.8046566,34.8018816480051,12.662143006874084,6.225626826327732
hydrogen_decentral_nt150_tc15_A200_43203b17,hydrogen_decentral,150,15.0,200,2250.0,1.8,150.0,0.11633680565513049,0.5880160219717878,,212132.03435596428,3.0,,9739968.067359708,246956593.9999926,0.32960247273856785,0.8616354176561831,0.8603722795639653,53.789819501529365,5493637264.435427,454551497.10781616,69359627.18612234,523911124.2939385,34.48125001623603,13.14029969811365,6.168269787179673
hydrogen_decentral_nt150_tc15_A200_6cb694e7,hydrogen_decentral,150,15.0,200,2250.0,2.0,150.0,0.11633680565513049,0.5880160219717878,,212132.03435596428,3.0,,9819770.261052107,248979976.19300476,0.2966422254647111,0.86883030894108,0.8675520781187999,53.94170939382509,5544941106.904952,458796451.2755906,70898742.4602081,529695193.7357987,34.201031709758375,13.622535491241852,6.118142192824859
hydrogen_decentral_nt175_tc15_A200_0464052f,hydrogen_decentral,175,15.0,200,2625.0,1.0,150.0,0.1285518050845479,0.5798877945896361,,226274.16997969523,3.0,,10471753.114557324,265510981.60642302,0.57959867812632,0.804552481207535,0.8041779176470812,55.03671085918867,6076898848.881239,502811404.64333254,73519443.71136735,576330848.3546999,37.4169108847266,11.646923677729388,5.97287629673268
hydrogen_decentral_nt175_tc15_A200_4315c363,hydrogen_decentral,175,15.0,200,2625.0,1.2,150.0,0.1285518050845479,0.5798877945896361,,226274.16997969523,3.0,,10846076.902284147,275001949.85507476,0.48733685196560594,0.8338382509990153,0.8333593344951983,53.78512383909752,6139225004.733471,507968360.9707938,75389228.38693435,583357589.3577281,36.125564720247695,11.892820921557131,5.766738197292698
hydrogen_decentral_nt175_tc15_A200_095dd2a5,hydrogen_decentral,175,15.0,200,2625.0,1.4,150.0,0.1285518050845479,0.5798877945896361,,226274.16997969523,3.0,,10984240.233623985,278505076.9174439,0.41771730168480503,0.8446584442088686,0.843951235629126,53.727138648115314,6199488632.645774,512954660.7518189,77197137.22430342,590151797.9761224,35.67116566650125,12.361770685153497,5.694202296460549
hydrogen_decentral_nt175_tc15_A200_6818b65c,hydrogen_decentral,175,15.0,200,2625.0,1.6,150.0,0.1285518050845479,0.5798877945896361,,226274.16997969523,3.0,,11107029.616496189,281618397.9841833,0.36550263897420443,0.8542733382728065,0.8532119499486773,53.74301063935215,6259567805.381235,517925698.4445868,78999512.40636727,596925210.850954,35.276817171020824,12.834941178314747,5.6312522900165725
hydrogen_decentral_nt175_tc15_A200_54ce02e8,hydrogen_decentral,175,15.0,200,2625.0,1.8,150.0,0.1285518050845479,0.5798877945896361,,226274.16997969523,3.0,,11209880.098103289,284226168.8160063,0.32489123464373726,0.8623339907971942,0.861092042640928,53.852873519190716,6319519530.423717,522886190.9308079,80798064.1576417,603684255.0884496,34.953152903084636,13.320134981308884,5.579585634797193
hydrogen_decentral_nt175_tc15_A200_aea0af3f,hydrogen_decentral,175,15.0,200,2625.0,2.0,150.0,0.1285518050845479,0.5798877945896361,,226274.16997969523,3.0,,11301361.595442312,286545679.39762455,0.29240211117936354,0.869506235020855,0.8680398662770533,54.01405228464969,6379374013.30483,527838637.4598781,82593698.6440751,610432336.1039531,34.670216485442396,13.809415416764164,5.53442038244314
hydrogen_decentral_nt200_tc15_A200_2fe49c1f,hydrogen_decentral,200,15.0,200,3000.0,1.0,150.0,0.14055492220723298,0.5719005600562623,,240416.30560342618,3.0,,11813770.018374026,299537779.3705382,0.5716843100756184,0.8054072641972764,0.8050531956523368,55.206453875558225,6868121017.506318,568278271.8538278,83918077.76199038,652196349.6158183,37.904498852716415,11.798697293324004,5.503257729517795
hydrogen_decentral_nt200_tc15_A200_5989151c,hydrogen_decentral,200,15.0,200,3000.0,1.2,150.0,0.14055492220723298,0.5719005600562623,,240416.30560342618,4.0,,12234427.623270646,310203540.14377904,0.4805656851734862,0.8346109127349944,0.8341927944833828,54.46915334246204,7011430909.90887,580135939.7351153,86262974.53406693,666398914.2691822,36.60122450321908,12.049411874868781,5.8185169643741865
hydrogen_decentral_nt200_tc15_A200_0e707ea0,hydrogen_decentral,200,15.0,200,3000.0,1.4,150.0,0.14055492220723298,0.5719005600562623,,240416.30560342618,4.0,,12389983.056079615,314147643.40972656,0.41191344443441674,0.8454201502145571,0.844762180275312,54.41199726160817,7080303627.52293,585834568.0562868,88329156.06248875,674163724.1187756,36.14169850603518,12.524832893900296,5.745465861672683
hydrogen_decentral_nt200_tc15_A200_db6eb39c,hydrogen_decentral,200,15.0,200,3000.0,1.6,150.0,0.14055492220723298,0.5719005600562623,,240416.30560342618,4.0,,12527400.216165256,317631851.3226485,0.3604242638801146,0.8549683224229431,0.8539307800023288,54.43306317653787,7148965539.2206,591515753.9908787,90389013.41341884,681904767.4042976,35.74524836604827,13.005372847507509,5.682441962982094
hydrogen_decentral_nt200_tc15_A200_05211700,hydrogen_decentral,200,15.0,200,3000.0,1.8,150.0,0.14055492220723298,0.5719005600562623,,240416.30560342618,4.0,,12642856.066898381,320559230.9051314,0.3203771234489908,0.8629976070061335,0.8617882175418355,54.54696199505106,7217481796.412007,597184888.2608457,92444501.12916106,689629389.3900068,35.41881911320134,13.497593558284404,5.630549323565322
hydrogen_decentral_nt200_tc15_A200_4ea0469e,hydrogen_decentral,200,15.0,200,3000.0,2.0,150.0,0.14055492220723298,0.5719005600562623,,240416.30560342618,4.0,,12745635.985861482,323165212.62326276,0.28833941110409167,0.8701479691021721,0.86862281483091,54.71217621095588,7285886919.704708,602844827.1512116,94496654.82794209,697341481.9791538,35.13320422805463,13.993827016076986,5.5851449668242585
hydrogen_decentral_nt225_tc15_A200_9cb88567,hydrogen_decentral,225,15.0,200,3375.0,1.0,150.0,0.14836960105665986,0.5667004381099886,,240416.30560342618,4.0,,13173162.53153679,334005135.1809531,0.5663669713820085,0.8060174103697926,0.8056456472232753,55.56166628654836,7703633889.630766,637409815.9649858,94513044.55072384,731922860.5157096,38.24210093173488,11.903784152575549,5.415781202237928
hydrogen_decentral_nt225_tc15_A200_5d8bf2fc,hydrogen_decentral,225,15.0,200,3375.0,1.2,150.0,0.14836960105665986,0.5667004381099886,,240416.30560342618,4.0,,13641153.052973086,345871020.6129079,0.47596545116541733,0.8351759171045224,0.834657408772365,54.31778669500567,7783767518.583637,644040188.3860075,96917053.41930996,740957241.8053175,36.93011940888543,12.157686672657896,5.229980613462346
hydrogen_decentral_nt225_tc15_A200_f3ccb6c5,hydrogen_decentral,225,15.0,200,3375.0,1.4,150.0,0.14836960105665986,0.5667004381099886,,240416.30560342618,4.0,,13813462.245487642,350239914.94644123,0.40797038671321484,0.8459213690673271,0.8453277373018632,54.27261026691606,7861249325.899454,650451145.2473254,99241507.63878448,749692652.88611,36.469452927034375,12.63841552899882,5.164741810882865
hydrogen_decentral_nt225_tc15_A200_b3ea29a7,hydrogen_decentral,225,15.0,200,3375.0,1.6,150.0,0.14836960105665986,0.5667004381099886,,240416.30560342618,4.0,,13966382.822611932,354117211.5266717,0.356974088374063,0.8554580081847188,0.8542808350656459,54.30191454830031,7938493976.559334,656842479.4237415,101558847.15858085,758401326.5823224,36.07014196299721,13.123580513064036,5.108192072239051
hydrogen_decentral_nt225_tc15_A200_9f1b8ac9,hydrogen_decentral,225,15.0,200,3375.0,1.8,150.0,0.14836960105665986,0.5667004381099886,,240416.30560342618,4.0,,14094808.106944567,357373430.70346266,0.3173103007769449,0.863473656487182,0.862324752135542,54.423694206826134,8015574765.899667,663220255.4774542,103871270.83879085,767091526.3162451,35.741487737812406,13.620557848400656,5.061648620613074
hydrogen_decentral_nt225_tc15_A200_efd5da6a,hydrogen_decentral,225,15.0,200,3375.0,2.0,150.0,0.14836960105665986,0.5667004381099886,,240416.30560342618,4.0,,14209110.605655432,360271567.080513,0.28557927069925043,0.8706103994604936,0.8691494145455769,54.59649460186964,8092530529.603954,669587686.7291158,106179943.74991949,775767630.4790354,35.4539721100257,14.12159134475818,5.020931147085758
hydrogen_decentral_nt250_tc15_A200_06f4abf5,hydrogen_decentral,250,15.0,200,3750.0,1.0,150.0,0.16021636737221745,0.5588172440981931,,254558.44122715713,4.0,,14444235.518455217,366233152.09064955,0.5584812119298637,0.8069676281031667,0.8064201584012451,55.924618561136526,8494856058.255846,702876683.1754812,104911678.60134685,807788361.776828,38.75205367701633,12.062519349124498,5.110045534995695
hydrogen_decentral_nt250_tc15_A200_d85ce845,hydrogen_decentral,250,15.0,200,3750.0,1.2,150.0,0.16021636737221745,0.5588172440981931,,254558.44122715713,4.0,,14955182.967164688,379188209.10660976,0.46915588657370255,0.8360348835816317,0.8355510559227013,54.68515931936973,8583893423.759035,710243763.643283,107582799.56644253,817826563.2097255,37.42808037612145,12.321619351776516,4.935459591471777
hydrogen_decentral_nt250_tc15_A200_ab203e45,hydrogen_decentral,250,15.0,200,3750.0,1.4,150.0,0.16021636737221745,0.5588172440981931,,254558.44122715713,4.0,,15141952.717867486,383923750.45302963,0.40213361706317363,0.846669881067086,0.8460558744191738,54.651641762507275,8669984320.77661,717367049.0447474,110165526.4769698,827532575.5217172,36.966420419088045,12.810638613385224,4.874582730034005
hydrogen_decentral_nt250_tc15_A200_1a69ded3,hydrogen_decentral,250,15.0,200,3750.0,1.6,150.0,0.16021636737221745,0.5588172440981931,,254558.44122715713,4.0,,15309760.755231177,388178518.1346648,0.35186691493027694,0.8562255502185905,0.8549707161155458,54.68464811525907,8755811710.398699,724468531.4629874,112740348.16563244,837208879.6286199,36.56123691830939,13.302258051738834,4.821153145210842
hydrogen_decentral_nt250_tc15_A200_cd8f6898,hydrogen_decentral,250,15.0,200,3750.0,1.8,150.0,0.16021636737221745,0.5588172440981931,,254558.44122715713,4.0,,15449934.856820727,391732628.2155357,0.312770591049135,0.8642139846628255,0.8628477940627999,54.81347752977019,8841457031.887957,731554949.3004459,115309707.8103102,846864657.1107562,36.22952428744583,13.806541434343648,4.777411807980724
hydrogen_decentral_nt250_tc15_A200_27cb15ab,hydrogen_decentral,250,15.0,200,3750.0,2.0,150.0,0.16021636737221745,0.5588172440981931,,254558.44122715713,4.0,,15574637.965986812,394894471.75422955,0.28149353194422155,0.8713232693469622,0.8699432749910596,54.99355906170636,8926963436.003832,738629872.9134034,117874899.93378647,856504772.8471899,35.93944150464732,14.314957559972607,4.739159997086434
