scenario_id,carrier,num_turbines,turbine_capacity_MW,farm_area_km2,farm_capacity_MW,stack_overplant_factor,compressor_outlet_pressure_bar,export_pipeline_diameter_inch,wake_loss_frac,farm_cf,infield_horizontal_cable_length_m,infield_horizontal_pipeline_length_m,num_export_pipelines,yield_el_MWh_year,yield_h2_MWh_year,yield_h2_kg_year,stack_sp_expected,stack_eff1,stack_eff2,total_LCOE,total_capex_EUR,total_annual_capex_EUR_per_year,total_annual_opex_EUR_per_year,total_annual_cost_EUR_per_year,turbine_LCOE,hydrogen_LCOE,infra_LCOE
hydrogen_central_nt50_tc15_A200_f62e500a,hydrogen_central,50,15.0,200,750.0,1.0,150,8.0,0.053754099213902395,0.6296604339166372,61282.58770283412,,1,,2951507.515439542,74835383.25150968,0.6140240544439066,,,70.97011381991067,2165976164.8449044,179216002.2657189,30252822.04534714,209468824.31106603,37.929348795934516,8.61440110865316,24.426363915323005
hydrogen_central_nt50_tc15_A200_4090fef3,hydrogen_central,50,15.0,200,750.0,1.1,150,8.0,0.053754099213902395,0.6296604339166372,61282.58770283412,,1,,2989999.7728748955,75811353.26761906,0.5579898364352501,,,70.37471294241944,2174416285.380619,179914350.0525515,30506025.66141858,210420375.7139701,37.4410590403789,8.821746829346056,24.111907072694482
hydrogen_central_nt50_tc15_A200_91ed907b,hydrogen_central,50,15.0,200,750.0,1.2,150,8.0,0.053754099213902395,0.6296604339166372,61282.58770283412,,1,,3023408.705466229,76658435.73697336,0.5116243917424496,,,69.91099716942338,2182835032.525478,180610929.37409523,30758588.075764343,211369517.44985956,37.02733203900902,9.038196755400344,23.845468375014036
hydrogen_central_nt50_tc15_A200_ba4c8f13,hydrogen_central,50,15.0,200,750.0,1.3,150,8.0,0.053754099213902395,0.6296604339166372,61282.58770283412,,1,,3051655.1264858213,77374622.88250054,0.4722574812712995,,,69.57400808849124,2191229114.9848084,181305467.90386605,31010410.549544252,212315878.4534103,36.684603399416474,9.26465232265691,23.624752366417855
hydrogen_central_nt50_tc15_A200_5b6471f0,hydrogen_central,50,15.0,200,750.0,1.4,150,8.0,0.053754099213902395,0.6296604339166372,61282.58770283412,,1,,3075990.9295296166,77991656.42823572,0.43839239080828313,,,69.33051514196995,2199603650.589789,181998389.09862167,31261646.61769367,213260035.71631533,36.39437195741269,9.498298820704791,23.437844363852484
hydrogen_central_nt50_tc15_A200_150b1624,hydrogen_central,50,15.0,200,750.0,1.5,150,8.0,0.053754099213902395,0.6296604339166372,61282.58770283412,,1,,3097393.1357180197,78534308.71495993,0.4089715983396172,,,69.15576818330217,2207964071.4836802,182690142.42175636,31512459.24451042,214202601.66626677,36.14289601664567,9.736977402259885,23.27589476439662
hydrogen_central_nt50_tc15_A200_a9cce2e4,hydrogen_central,50,15.0,200,750.0,1.6,150,8.0,0.053754099213902395,0.6296604339166372,61282.58770283412,,1,,3116564.7031775746,79020403.22458354,0.38319594292846193,,,69.03242850051747,2216314402.23854,183381060.87218612,31762969.167156205,215144030.03934234,35.92056276347743,9.979152786325047,23.13271295071499
hydrogen_central_nt50_tc15_A200_247b158b,hydrogen_central,50,15.0,200,750.0,1.7,150,8.0,0.053754099213902395,0.6296604339166372,61282.58770283412,,1,,3134025.45519061,79463120.06061384,0.36044781034871026,,,68.94794786280983,2224657329.086156,184071366.71261632,32013256.972584687,216084623.68520102,35.720436744225424,10.223678602950832,23.00383251563358
hydrogen_central_nt50_tc15_A200_2772d8be,hydrogen_central,50,15.0,200,750.0,1.8,150,8.0,0.053754099213902395,0.6296604339166372,61282.58770283412,,1,,3150051.22061368,79869452.85531643,0.3402300035338893,,,68.89556548023562,2232994426.709554,184761190.2345993,32263369.90128663,217024560.13588592,35.53871038488037,10.470053700141142,22.886801395214114
hydrogen_central_nt50_tc15_A200_347c2bd3,hydrogen_central,50,15.0,200,750.0,1.9,150,8.0,0.053754099213902395,0.6296604339166372,61282.58770283412,,1,,3165028.538595235,80249202.29703943,0.3221618143669919,,,68.86634952636649,2241326779.0794525,185450621.1274408,32513340.47238359,217963961.5998244,35.37053668293802,10.71731470611452,22.778498137313964
hydrogen_central_nt50_tc15_A200_e2caef9a,hydrogen_central,50,15.0,200,750.0,2.0,150,8.0,0.053754099213902395,0.6296604339166372,61282.58770283412,,1,,3178563.1268866123,80592371.37136441,0.3058731086552313,,,68.86850664318506,2249654987.064112,186139709.10785034,32763186.71192337,218902895.8197737,35.21992597220548,10.967075288529161,22.681505382450407
hydrogen_central_nt75_tc15_A200_491e2dae,hydrogen_central,75,15.0,200,1125.0,1.0,150,8.0,0.07215531677959253,0.6174157112421385,89566.85895029602,,1,,4347487.766941765,110230420.05430442,0.6020589255329686,,,70.53328484993166,3164116049.33066,261803540.71737704,44839052.3299198,306642593.0472968,38.625327095173866,8.410897761029169,23.497059993728627
hydrogen_central_nt75_tc15_A200_1d5285f1,hydrogen_central,75,15.0,200,1125.0,1.1,150,8.0,0.07215531677959253,0.6174157112421385,89566.85895029602,,1,,4402903.951168705,111635495.71928766,0.5471022080059739,,,69.96921771343963,3176756938.0192013,262849466.14011067,45218278.99057604,308067745.1306867,38.13917789322187,8.628720414938337,23.20131940527943
hydrogen_central_nt75_tc15_A200_706ce510,hydrogen_central,75,15.0,200,1125.0,1.2,150,8.0,0.07215531677959253,0.6174157112421385,89566.85895029602,,1,,4452359.111099305,112889429.79460712,0.5016379541774306,,,69.51148305047407,3189372881.770936,263893327.58267504,45596757.30312808,309490084.8858031,37.71554199700029,8.852333331631698,22.943607721842085
hydrogen_central_nt75_tc15_A200_005e9142,hydrogen_central,75,15.0,200,1125.0,1.3,150,8.0,0.07215531677959253,0.6174157112421385,89566.85895029602,,1,,4493176.082890382,113924342.8724742,0.46302868185432366,,,69.1956056371946,3201949936.9783545,264933971.33080706,45974068.95935064,310908040.2901577,37.37292595316466,9.087496598100536,22.735183085929407
hydrogen_central_nt75_tc15_A200_71eab3a7,hydrogen_central,75,15.0,200,1125.0,1.4,150,8.0,0.07215531677959253,0.6174157112421385,89566.85895029602,,1,,4528807.87627001,114827785.90948303,0.4297843377406564,,,68.96369183594359,3214503177.2419157,265972644.59602168,46350666.16725747,312323310.76327914,37.07888292640415,9.328501891727347,22.556307017812102
hydrogen_central_nt75_tc15_A200_71de115d,hydrogen_central,75,15.0,200,1125.0,1.5,150,8.0,0.07215531677959253,0.6174157112421385,89566.85895029602,,1,,4560512.268314277,115631649.80512872,0.40099806342480915,,,68.79402282093221,3227033389.817669,267009412.51702365,46726572.544530064,313735985.0615537,36.82111288398373,9.57341293491733,22.399497002031158
hydrogen_central_nt75_tc15_A200_75892524,hydrogen_central,75,15.0,200,1125.0,1.6,150,8.0,0.07215531677959253,0.6174157112421385,89566.85895029602,,1,,4588515.252403692,116341664.6146981,0.3756914746933341,,,68.68177879553443,3239552339.5053296,268045248.53036636,47102141.035159886,315147389.56552625,36.596399445861316,9.822582941113927,22.262796408559183
hydrogen_central_nt75_tc15_A200_b0b688b1,hydrogen_central,75,15.0,200,1125.0,1.7,150,8.0,0.07215531677959253,0.6174157112421385,89566.85895029602,,1,,4613253.888174071,116968911.97195922,0.35335181821930345,,,68.61909862417642,3252058245.7333345,269080005.3089819,47477318.22200003,316557323.5309819,36.400150763620076,10.075535995950677,22.14341186460567
hydrogen_central_nt75_tc15_A200_0a54455f,hydrogen_central,75,15.0,200,1125.0,1.8,150,8.0,0.07215531677959253,0.6174157112421385,89566.85895029602,,1,,4637390.983955644,117580907.30110659,0.33359425571436163,,,68.56578546851655,3264556149.9627376,270114099.99065346,47852255.348882124,317966355.3395356,36.21069209419045,10.326935465006065,22.02815790932004
hydrogen_central_nt75_tc15_A200_552f1ac3,hydrogen_central,75,15.0,200,1125.0,1.9,150,8.0,0.07215531677959253,0.6174157112421385,89566.85895029602,,1,,4658791.217545638,118123509.57265817,0.31582617651181455,,,68.55316689340286,3277049661.0414724,271147831.1766814,48227060.68124418,319374891.8579256,36.0443576883144,10.581837999100669,21.92697120598778
hydrogen_central_nt75_tc15_A200_6bdd152e,hydrogen_central,75,15.0,200,1125.0,2.0,150,8.0,0.07215531677959253,0.6174157112421385,89566.85895029602,,1,,4678005.589522267,118610689.38950981,0.29983708224289807,,,68.57249872926293,3289535224.436919,272180904.75989294,48601627.58310756,320782532.34300053,35.89630961889072,10.839280426331019,21.836908684041177
hydrogen_central_nt100_tc15_A200_dd78b420,hydrogen_central,100,15.0,200,1500.0,1.0,150,8.0,0.08639459662359783,0.6079404668920301,117851.13019775793,,2,,5714018.220446498,144878758.12491122,0.5927761800184312,,,71.64275489652505,4227912137.8880415,349823568.50508547,59544438.33664124,409368006.8417267,39.18389956347766,8.304360804950583,24.15449452809681
hydrogen_central_nt100_tc15_A200_9b091e78,hydrogen_central,100,15.0,200,1500.0,1.1,150,8.0,0.08639459662359783,0.6079404668920301,117851.13019775793,,2,,5787833.389147949,146750339.48143888,0.5387250023575672,,,71.05714179672972,4244755020.7464046,351217173.0061405,60049724.82239215,411266897.82853264,38.684167459564314,8.52653430349009,23.846440033675325
hydrogen_central_nt100_tc15_A200_1bad07f2,hydrogen_central,100,15.0,200,1500.0,1.2,150,8.0,0.08639459662359783,0.6079404668920301,117851.13019775793,,2,,5851244.84306359,148358134.9661154,0.49391923625380313,,,70.61087099620828,4261559816.1519566,352607626.0962334,60553868.68455869,413161494.7807921,38.26493713030625,8.757923871270457,23.588009994631573
hydrogen_central_nt100_tc15_A200_19362d96,hydrogen_central,100,15.0,200,1500.0,1.3,150,8.0,0.08639459662359783,0.6079404668920301,117851.13019775793,,2,,5903757.336199368,149689587.63182983,0.4558620953463681,,,70.30281339988817,4278317234.4114456,353994159.13270164,61056591.23234336,415050750.365045,37.924579772446116,9.000033274770992,23.378200352671055
hydrogen_central_nt100_tc15_A200_dd039996,hydrogen_central,100,15.0,200,1500.0,1.4,150,8.0,0.08639459662359783,0.6079404668920301,117851.13019775793,,2,,5951259.101950905,150893993.45717305,0.4232206639747251,,,70.05853738454557,4295043628.85278,355378125.2135612,61558383.06558339,416936508.2791446,37.621873324329,9.24506385010711,23.191600210109453
hydrogen_central_nt100_tc15_A200_01d78db1,hydrogen_central,100,15.0,200,1500.0,1.5,150,8.0,0.08639459662359783,0.6079404668920301,117851.13019775793,,2,,5991700.475387889,151919383.25020003,0.39477695846720784,,,69.89992600820455,4311744777.030386,356760002.38202584,62059417.510911584,418819419.8929374,37.36794203474638,9.496916982682851,23.035066990775327
hydrogen_central_nt100_tc15_A200_def1c7ee,hydrogen_central,100,15.0,200,1500.0,1.6,150,8.0,0.08639459662359783,0.6079404668920301,117851.13019775793,,2,,6027835.786048638,152835592.95255166,0.3698583884568443,,,69.79292611808738,4328427885.355508,358140386.9069905,62559910.76066524,420700297.66765577,37.14393092327853,9.75201745054708,22.896977744261786
hydrogen_central_nt100_tc15_A200_9150771f,hydrogen_central,100,15.0,200,1500.0,1.7,150,8.0,0.08639459662359783,0.6079404668920301,117851.13019775793,,2,,6062433.474603029,153712816.29318026,0.3479625178412593,,,69.70463020748356,4345097760.413374,359519676.4922726,63060007.01240121,422579683.50467384,36.93195430379842,10.006368872454921,22.766307031230223
hydrogen_central_nt100_tc15_A200_65d2016b,hydrogen_central,100,15.0,200,1500.0,1.8,150,8.0,0.08639459662359783,0.6079404668920301,117851.13019775793,,2,,6092366.8450134015,154471775.9891836,0.3284064871397072,,,69.67044268545932,4361757220.070131,360898104.29219484,63559790.80210394,424457895.0942988,36.75049808222184,10.265494313168503,22.654450290068965
hydrogen_central_nt100_tc15_A200_28dbb801,hydrogen_central,100,15.0,200,1500.0,1.9,150,8.0,0.08639459662359783,0.6079404668920301,117851.13019775793,,2,,6119885.340995114,155169506.6175232,0.3109109993544593,,,69.6639115382511,4378408203.122898,362275830.72563636,64059320.29368694,426335151.0193233,36.585246876120465,10.526081705277713,22.552582956852916
hydrogen_central_nt100_tc15_A200_f3e40d23,hydrogen_central,100,15.0,200,1500.0,2.0,150,8.0,0.08639459662359783,0.6079404668920301,117851.13019775793,,2,,6147565.567058876,155871337.90717232,0.2952720606424909,,,69.65547058382315,4395051784.940577,363652944.7701763,64558627.7482173,428211572.5183936,36.42051696912184,10.783916641824954,22.451036972876352
hydrogen_central_nt125_tc15_A200_323761ec,hydrogen_central,125,15.0,200,1875.0,1.0,150,8.0,0.10352008261059809,0.5965446543145069,150849.44665313014,,2,,7018061.607455339,177942738.5257439,0.5816896369239274,,,72.14638724224832,5224154005.610388,432254062.30311704,74073728.11831161,506327790.4214287,39.878802826411665,8.287972555103625,23.979611860733026
hydrogen_central_nt125_tc15_A200_ce1bdc14,hydrogen_central,125,15.0,200,1875.0,1.1,150,8.0,0.10352008261059809,0.5965446543145069,150849.44665313014,,2,,7108161.950154454,180227229.97349024,0.5286097693666567,,,71.56565214453023,5245197332.189154,433995217.5960648,74705027.9156746,508700245.5117394,39.37331437154999,8.516682302323119,23.675655470657127
hydrogen_central_nt125_tc15_A200_35e84aa7,hydrogen_central,125,15.0,200,1875.0,1.2,150,8.0,0.10352008261059809,0.5965446543145069,150849.44665313014,,2,,7184358.111275126,182159181.32036325,0.4845978014254257,,,71.13606241324895,5266189625.191544,435732150.29705244,75334796.7057463,511066947.00279874,38.95572725252802,8.755779931858335,23.424555228862594
hydrogen_central_nt125_tc15_A200_a471bf29,hydrogen_central,125,15.0,200,1875.0,1.3,150,8.0,0.10352008261059809,0.5965446543145069,150849.44665313014,,2,,7251593.001479374,183863919.91580564,0.4473407541604163,,,70.80211146800582,5287132668.493425,437465008.0065507,75963088.00480276,513428096.0113535,38.594539849413145,9.000202792576271,23.207368826016403
hydrogen_central_nt125_tc15_A200_bd150c54,hydrogen_central,125,15.0,200,1875.0,1.4,150,8.0,0.10352008261059809,0.5965446543145069,150849.44665313014,,2,,7307194.795425935,185273701.70958254,0.41520814251295857,,,70.58579118989032,5308030306.966369,439194108.8547973,76590017.15899105,515784126.01378834,38.30086687199195,9.254144644851282,23.030779673047096
hydrogen_central_nt125_tc15_A200_5e6963dc,hydrogen_central,125,15.0,200,1875.0,1.5,150,8.0,0.10352008261059809,0.5965446543145069,150849.44665313014,,2,,7356014.304273369,186511518.87102863,0.38729571131082696,,,70.43716142789137,5328897885.5072365,440920722.5007642,77216044.51521711,518136767.0159813,38.04667629652837,9.51255336011492,22.877931771248093
hydrogen_central_nt125_tc15_A200_19a4731d,hydrogen_central,125,15.0,200,1875.0,1.6,150,8.0,0.10352008261059809,0.5965446543145069,150849.44665313014,,2,,7402548.501878011,187691392.03544652,0.36294463370642904,,,70.31190121940686,5349746402.892562,442645758.9991381,77841500.03677686,520487259.03591496,37.80750575242003,9.770279868987545,22.73411559799929
hydrogen_central_nt125_tc15_A200_30013cae,hydrogen_central,125,15.0,200,1875.0,1.7,150,8.0,0.10352008261059809,0.5965446543145069,150849.44665313014,,2,,7442137.302328877,188695164.86635086,0.34135750067102366,,,70.25343097108298,5370576543.634528,444369274.9874476,78466404.25903584,522835679.24648345,37.60638694206038,10.033863631393025,22.613180397629566
hydrogen_central_nt125_tc15_A200_9fb3ee22,hydrogen_central,125,15.0,200,1875.0,1.8,150,8.0,0.10352008261059809,0.5965446543145069,150849.44665313014,,2,,7479779.352902978,189649577.91336152,0.3222052037751021,,,70.21369403196368,5391396390.507179,446091939.24611366,79090999.66521539,525182938.91132903,37.41713249317977,10.297182155864567,22.499379382919358
hydrogen_central_nt125_tc15_A200_12ae11ea,hydrogen_central,125,15.0,200,1875.0,1.9,150,8.0,0.10352008261059809,0.5965446543145069,150849.44665313014,,2,,7514811.86094146,190537826.08877945,0.3051052559860502,,,70.19853878228733,5412203937.4287615,447813585.78902906,79715226.07286285,527528811.8618919,37.242701513522476,10.561345367219415,22.39449190154544
hydrogen_central_nt125_tc15_A200_55876774,hydrogen_central,125,15.0,200,1875.0,2.0,150,8.0,0.10352008261059809,0.5965446543145069,150849.44665313014,,2,,7545452.947983535,191314729.91844663,0.2896537822928125,,,70.22423938297675,5433002696.630327,449534505.2232736,80339188.84890983,529873694.0721834,37.09146382552353,10.829224727351567,22.303550830101653
hydrogen_central_nt150_tc15_A200_cab814bd,hydrogen_central,150,15.0,200,2250.0,1.0,150,8.0,0.11633680565513049,0.5880160219717878,179133.71790059205,,2,,8310467.778386912,210711657.66701096,0.5733481125985473,,,72.55321141583717,6217411626.456598,514437635.19611025,88513490.49369797,602951125.6898082,40.41243923166672,8.273406006753394,23.867366177417054
hydrogen_central_nt150_tc15_A200_2c7f6728,hydrogen_central,150,15.0,200,2250.0,1.1,150,8.0,0.11633680565513049,0.5880160219717878,179133.71790059205,,2,,8415395.651348542,213372100.69342148,0.5210134670563205,,,71.98666134823499,6242647342.764887,516525674.8820904,89270561.9829466,605796236.865037,39.90855427302066,8.508332605893786,23.569774469320546
hydrogen_central_nt150_tc15_A200_e86f946f,hydrogen_central,150,15.0,200,2250.0,1.2,150,8.0,0.11633680565513049,0.5880160219717878,179133.71790059205,,2,,8506209.122830588,215674673.4997614,0.4776550415537789,,,71.55188160863419,6267829130.856323,518609252.46936864,90026015.62568969,608635268.0950583,39.4824849978561,8.751256331341605,23.318140279436484
hydrogen_central_nt150_tc15_A200_479df18d,hydrogen_central,150,15.0,200,2250.0,1.3,150,8.0,0.11633680565513049,0.5880160219717878,179133.71790059205,,2,,8584005.846229587,217647207.05450273,0.4408883134894451,,,71.23333009157403,6292949030.6823015,520687709.3320043,90779612.62046903,611467321.9524734,39.124655795557445,9.001865991650352,23.106808304366222
hydrogen_central_nt150_tc15_A200_40c1d57a,hydrogen_central,150,15.0,200,2250.0,1.4,150,8.0,0.11633680565513049,0.5880160219717878,179133.71790059205,,2,,8649862.139398493,219316991.36405915,0.40921156273456555,,,71.01776227978387,6318019945.495887,522762113.1038283,91531740.06487659,614293853.1687049,38.82677766054431,9.260101516612549,22.93088310262701
hydrogen_central_nt150_tc15_A200_616cdaaf,hydrogen_central,150,15.0,200,2250.0,1.5,150,8.0,0.11633680565513049,0.5880160219717878,179133.71790059205,,2,,8709807.884842658,220836913.91588894,0.3817813948491992,,,70.85304369131694,6343055507.053814,524833591.69611937,92282806.91161442,617116398.6077337,38.55955016703017,9.520433521715997,22.773060002570787
hydrogen_central_nt150_tc15_A200_4d4b8764,hydrogen_central,150,15.0,200,2250.0,1.6,150,8.0,0.11633680565513049,0.5880160219717878,179133.71790059205,,2,,8762021.854385223,222160797.5249803,0.3576929123849163,,,70.75263060009429,6368065803.072181,526902979.78110546,93033115.79216543,619936095.5732709,38.329769048989625,9.78550902348958,22.637352527615093
hydrogen_central_nt150_tc15_A200_97f2b064,hydrogen_central,150,15.0,200,2250.0,1.7,150,8.0,0.11633680565513049,0.5880160219717878,179133.71790059205,,2,,8808802.44221698,223346917.90611005,0.33643403629778784,,,70.6967219987425,6393055386.747303,528970654.09683865,93782803.30241911,622753457.3992578,38.12621253386406,10.053376304781594,22.517133160096847
hydrogen_central_nt150_tc15_A200_d20d750d,hydrogen_central,150,15.0,200,2250.0,1.8,150,8.0,0.11633680565513049,0.5880160219717878,179133.71790059205,,2,,8854147.540031428,224496641.4815271,0.31760471312162675,,,70.65270080329412,6418032710.4132,531037314.00166714,94532123.01239601,625569437.0140631,37.930955245816165,10.31993028665608,22.40181527082188
hydrogen_central_nt150_tc15_A200_ca3a8197,hydrogen_central,150,15.0,200,2250.0,1.9,150,8.0,0.11633680565513049,0.5880160219717878,179133.71790059205,,2,,8893504.953903759,225494547.51277283,0.300679955675731,,,70.6565160624326,6442998139.588845,533102989.7391595,95281085.88766536,628384075.6268249,37.76309518255425,10.590742846813143,22.302678033065213
hydrogen_central_nt150_tc15_A200_2bfb571b,hydrogen_central,150,15.0,200,2250.0,2.0,150,8.0,0.11633680565513049,0.5880160219717878,179133.71790059205,,2,,8930992.060718685,226445031.9654839,0.28548731243490066,,,70.67496412233596,6467953184.1946945,535167806.2423196,96029737.22584084,631197543.4681604,37.60458768717789,10.861312064270626,22.209064370887447
hydrogen_central_nt175_tc15_A200_ab6be91d,hydrogen_central,175,15.0,200,2625.0,1.0,150,8.0,0.1285518050845479,0.5798877945896361,207417.98914805395,,3,,9571380.48860644,242682061.070143,0.5653835621829328,,,73.68687961065135,7277736252.4541,602170429.148057,103114732.623623,705285161.77168,40.93669179285729,8.279839072534283,24.470348745259773
hydrogen_central_nt175_tc15_A200_30e13c69,hydrogen_central,175,15.0,200,2625.0,1.1,150,8.0,0.1285518050845479,0.5798877945896361,207417.98914805395,,3,,9691126.553108877,245718218.89221293,0.5137915972160929,,,73.11871874395787,7307162830.367503,604605226.7878447,103997529.96102509,708602756.7488698,40.430867448382976,8.519864504128106,24.167986791446776
hydrogen_central_nt175_tc15_A200_8ee2f239,hydrogen_central,175,15.0,200,2625.0,1.2,150,8.0,0.1285518050845479,0.5798877945896361,207417.98914805395,,3,,9796546.094403133,248391128.15423766,0.47106700833688797,,,72.66989135050119,7336532539.793123,607035319.0466588,104878621.2437937,711913940.2904525,39.995795387325416,8.766178185543525,23.90791777763225
hydrogen_central_nt175_tc15_A200_1eb1bc1f,hydrogen_central,175,15.0,200,2625.0,1.3,150,8.0,0.1285518050845479,0.5798877945896361,207417.98914805395,,3,,9883612.166222304,250598685.7561436,0.4347390350789291,,,72.3639050660965,7365828174.194671,609459282.230787,105757490.27584012,715216772.5066272,39.64346703458423,9.02312832421567,23.697309707296586
hydrogen_central_nt175_tc15_A200_74739b9b,hydrogen_central,175,15.0,200,2625.0,1.4,150,8.0,0.1285518050845479,0.5798877945896361,207417.98914805395,,3,,9959500.157925503,252522823.476813,0.4035322123686531,,,72.14351680626031,7395068481.139356,611878667.5410701,106634699.48418066,718513367.0252508,39.341397347380855,9.285375162892622,23.516744295986825
hydrogen_central_nt175_tc15_A200_50121244,hydrogen_central,175,15.0,200,2625.0,1.5,150,8.0,0.1285518050845479,0.5798877945896361,207417.98914805395,,3,,10027917.915256554,254257553.6322656,0.3764607032237103,,,71.97962176816284,7424271331.748041,614294953.6599095,107510785.00244124,721805738.6623508,39.07298169026,9.550344134012231,23.356295943890593
hydrogen_central_nt175_tc15_A200_3ab93a69,hydrogen_central,175,15.0,200,2625.0,1.6,150,8.0,0.1285518050845479,0.5798877945896361,207417.98914805395,,3,,10087396.14973581,255765622.4578045,0.35270782816490587,,,71.88124395541192,7453442900.290561,616708651.455326,108385932.0587168,725094583.5140427,38.84259597602018,9.820067579343847,23.21858040004789
hydrogen_central_nt175_tc15_A200_d6bd21ba,hydrogen_central,175,15.0,200,2625.0,1.7,150,8.0,0.1285518050845479,0.5798877945896361,207417.98914805395,,3,,10142446.917465772,257161432.9986251,0.33175733191219214,,,71.81514634587933,7482595676.430889,619120794.3401905,109260515.34292668,728381309.6831172,38.63176768709688,10.090823140799403,23.092555517983055
hydrogen_central_nt175_tc15_A200_736265fc,hydrogen_central,175,15.0,200,2625.0,1.8,150,8.0,0.1285518050845479,0.5798877945896361,207417.98914805395,,3,,10192921.682054108,258441219.11901897,0.31315370232588136,,,71.78176647049801,7511729719.2751465,621531387.2050294,110134536.62825441,731665923.8332838,38.440465385317154,10.363098579991519,22.97820250518934
hydrogen_central_nt175_tc15_A200_4de9ed92,hydrogen_central,175,15.0,200,2625.0,1.9,150,8.0,0.1285518050845479,0.5798877945896361,207417.98914805395,,3,,10239027.730983736,259610236.58680874,0.2965010095521411,,,71.7791814721985,7540850382.991013,623940873.061424,111008156.53973038,734949029.6011544,38.26736906948533,10.637080085988428,22.87473231672474
hydrogen_central_nt175_tc15_A200_2744f4cf,hydrogen_central,175,15.0,200,2625.0,2.0,150,8.0,0.1285518050845479,0.5798877945896361,207417.98914805395,,3,,10283440.122064522,260736311.41137227,0.281551801335543,,,71.78833187307045,7569961085.069538,626349534.6775297,111881477.60208616,738231012.2796159,38.102098951648,10.910292598958343,22.7759403224641
hydrogen_central_nt200_tc15_A200_8a08c81c,hydrogen_central,200,15.0,200,3000.0,1.0,150,8.0,0.14055492220723298,0.5719005600562623,235702.26039551586,,3,,10799215.732300417,273813786.3159335,0.5575574985161766,,,74.23997544142719,8269441770.751499,684225578.8301122,117507931.92254493,801733510.7526572,41.46551408991307,8.302906259765379,24.471555091748737
hydrogen_central_nt200_tc15_A200_be07c682,hydrogen_central,200,15.0,200,3000.0,1.1,150,8.0,0.14055492220723298,0.5719005600562623,235702.26039551586,,3,,10935508.610387066,277269488.09297836,0.5067409069956175,,,73.66131335098078,8303062198.259533,687007381.654284,118516544.74778599,805523926.40207,40.948715607281116,8.546039775865433,24.166557967834226
hydrogen_central_nt200_tc15_A200_800684b7,hydrogen_central,200,15.0,200,3000.0,1.2,150,8.0,0.14055492220723298,0.5719005600562623,235702.26039551586,,3,,11051286.891799824,280205042.8955331,0.46453139627222273,,,73.23189067911419,8336614252.264578,689783527.1558751,119523106.36793733,809306633.5238124,40.51971833614986,8.798794170078127,23.913378172886205
hydrogen_central_nt200_tc15_A200_895b2e63,hydrogen_central,200,15.0,200,3000.0,1.3,150,8.0,0.14055492220723298,0.5719005600562623,235702.26039551586,,3,,11149343.12580534,282691255.72528756,0.42873262808211765,,,72.92628172541606,8370084678.793835,692552918.6819962,120527219.16381505,813080137.8458112,40.163355549735016,9.059861362023678,23.703064813657377
hydrogen_central_nt200_tc15_A200_df838ae0,hydrogen_central,200,15.0,200,3000.0,1.4,150,8.0,0.14055492220723298,0.5719005600562623,235702.26039551586,,3,,11235818.095836248,284883825.95933694,0.39798218970987864,,,72.70027017151949,8403496289.309658,695317443.6860532,121529567.47928974,816847011.1653429,39.85424365971687,9.325389163766218,23.520637348036406
hydrogen_central_nt200_tc15_A200_ee7af337,hydrogen_central,200,15.0,200,3000.0,1.5,150,8.0,0.14055492220723298,0.5719005600562623,235702.26039551586,,3,,11310068.770639725,286766449.5598308,0.3712161326919834,,,72.55559882169926,8436862910.900471,698078246.2413511,122530566.12701413,820608812.3683653,39.59260029171207,9.596774318627137,23.366224211360066
hydrogen_central_nt200_tc15_A200_2e5a1a4c,hydrogen_central,200,15.0,200,3000.0,1.6,150,8.0,0.14055492220723298,0.5719005600562623,235702.26039551586,,3,,11377676.787859585,288480648.77940124,0.34780723949008474,,,72.45477302915631,8470197385.414814,700836388.9010221,123530600.3624444,824366989.2634665,39.35733458218186,9.870060163328764,23.227378283645688
hydrogen_central_nt200_tc15_A200_f60d1cea,hydrogen_central,200,15.0,200,3000.0,1.7,150,8.0,0.14055492220723298,0.5719005600562623,235702.26039551586,,3,,11440320.264850168,290068972.2325094,0.32717954522496495,,,72.38630460941242,8503508278.203377,703592580.3745768,124529927.14610127,828122507.520678,39.14182660458751,10.144285298451363,23.100192706373548
hydrogen_central_nt200_tc15_A200_05d8a358,hydrogen_central,200,15.0,200,3000.0,1.8,150,8.0,0.14055492220723298,0.5719005600562623,235702.26039551586,,3,,11496711.327768784,291498765.9170584,0.3088187123988263,,,72.35772992367706,8536800610.712902,706347236.1437852,125528697.12138703,831875933.2651722,38.949836987393454,10.421006060003473,22.986886876280128
hydrogen_central_nt200_tc15_A200_d28c312c,hydrogen_central,200,15.0,200,3000.0,1.9,150,8.0,0.14055492220723298,0.5719005600562623,235702.26039551586,,3,,11546616.185089495,292764102.0560217,0.29235678524947967,,,72.36989950466369,8570076036.611189,709100493.0355144,126526959.89833564,835627452.93385,38.781494502776106,10.700868211504426,22.887536790383148
hydrogen_central_nt200_tc15_A200_b8ebba51,hydrogen_central,200,15.0,200,3000.0,2.0,150,8.0,0.14055492220723298,0.5719005600562623,235702.26039551586,,3,,11597063.293123536,294043186.94532293,0.27763475364394935,,,72.37847033689735,8603340188.518433,711852817.10091,127524884.45555294,839377701.5564629,38.61279539391954,10.977698706151525,22.78797623682627
hydrogen_central_nt225_tc15_A200_7d4bc20d,hydrogen_central,225,15.0,200,3375.0,1.0,150,8.0,0.14836960105665986,0.5667004381099886,268700.5768508881,,3,,12047401.325204724,305461494.04677296,0.5524963617712213,,,74.566232927179,9262455358.552866,766388960.0758345,131940373.30658597,898329333.3824205,41.81560799068154,8.301802629340294,24.44882230715717
hydrogen_central_nt225_tc15_A200_83f56593,hydrogen_central,225,15.0,200,3375.0,1.1,150,8.0,0.14836960105665986,0.5667004381099886,268700.5768508881,,3,,12197682.80707724,309271876.4471917,0.5021227758506704,,,73.99700162341267,9300264178.683807,769517316.5666531,133074637.91051422,902591954.4771674,41.300419029496744,8.548981863386873,24.14760073052906
hydrogen_central_nt225_tc15_A200_eefc84a0,hydrogen_central,225,15.0,200,3375.0,1.2,150,8.0,0.14836960105665986,0.5667004381099886,268700.5768508881,,3,,12325321.136335429,312508142.4020139,0.4602752533956687,,,73.57586466784564,9337998353.177517,772639496.7694274,134206663.14532551,906846159.914753,40.87272092538427,8.805610282289454,23.89753346017192
hydrogen_central_nt225_tc15_A200_2c4351e2,hydrogen_central,225,15.0,200,3375.0,1.3,150,8.0,0.14836960105665986,0.5667004381099886,268700.5768508881,,3,,12435592.611798272,315304072.3072584,0.42479784208469296,,,73.26478134002238,9375649223.654987,775754784.2773488,135336189.25964957,911090973.5369983,40.510285826123535,9.068871237055726,23.68562427684312
hydrogen_central_nt225_tc15_A200_9b32c576,hydrogen_central,225,15.0,200,3375.0,1.4,150,8.0,0.14836960105665986,0.5667004381099886,268700.5768508881,,3,,12531158.960845882,317727154.17966235,0.39432489753892036,,,73.04413753932448,9413228350.365753,778864135.6021924,136463563.0609726,915327698.663165,40.201342325576285,9.337804559391543,23.504990654356654
hydrogen_central_nt225_tc15_A200_a1be5f4c,hydrogen_central,225,15.0,200,3375.0,1.5,150,8.0,0.14836960105665986,0.5667004381099886,268700.5768508881,,3,,12614633.098477263,319843638.3995249,0.3678385099264304,,,72.89620370466798,9450758162.62093,781969406.5776176,137589457.4286279,919558864.0062456,39.93532013087159,9.611431238278584,23.349452335517803
hydrogen_central_nt225_tc15_A200_ffe1aa72,hydrogen_central,225,15.0,200,3375.0,1.6,150,8.0,0.14836960105665986,0.5667004381099886,268700.5768508881,,3,,12688696.018469293,321721501.4824872,0.34460518883833086,,,72.80388011584265,9488254929.404243,785071943.3228809,138714360.43212736,923786303.7550082,39.70222081038951,9.888495885491823,23.21316341996131
hydrogen_central_nt225_tc15_A200_72a7ad1c,hydrogen_central,225,15.0,200,3375.0,1.7,150,8.0,0.14836960105665986,0.5667004381099886,268700.5768508881,,3,,12758023.080853017,323479287.03988385,0.32416490746271737,,,72.73936999992574,9525723470.915554,788172144.6682936,139838416.67746663,928010561.3457602,39.48647905154091,10.165867794696789,23.087023153688047
hydrogen_central_nt225_tc15_A200_277c4f7f,hydrogen_central,225,15.0,200,3375.0,1.8,150,8.0,0.14836960105665986,0.5667004381099886,268700.5768508881,,3,,12820409.899717316,325061102.934009,0.3059708591137387,,,72.71472087817943,9563171686.852036,791270664.2462319,140961863.1555611,932232527.401793,39.29432951533679,10.445714533716096,22.974676829126555
hydrogen_central_nt225_tc15_A200_d132f068,hydrogen_central,225,15.0,200,3375.0,1.9,150,8.0,0.14836960105665986,0.5667004381099886,268700.5768508881,,3,,12879529.446333814,326560077.2397012,0.2897304006226741,,,72.70860572274752,9600603360.071781,794367815.0558485,142084813.35215348,936452628.4080019,39.11396089587552,10.725426235444125,22.86921859142788
hydrogen_central_nt225_tc15_A200_addd2a9f,hydrogen_central,225,15.0,200,3375.0,2.0,150,8.0,0.14836960105665986,0.5667004381099886,268700.5768508881,,3,,12933274.26041428,327922775.3654736,0.2750883169360797,,,72.73264821730761,9638022240.005856,797463907.3304954,143207379.75017565,940671287.0806711,38.951421038297944,11.007042673816521,22.774184505193137
hydrogen_central_nt250_tc15_A200_58da027d,hydrogen_central,250,15.0,200,3750.0,1.0,150,8.0,0.16021636737221745,0.5588172440981931,296984.84809835,,3,,13213105.369988482,335017884.6345964,0.5448017477540875,,,75.27803193695307,10253086610.569382,848355223.4112376,146301344.61708146,994656568.0283191,42.36277350864192,8.348485562704473,24.566772865606676
hydrogen_central_nt250_tc15_A200_bb90671e,hydrogen_central,250,15.0,200,3750.0,1.1,150,8.0,0.16021636737221745,0.5588172440981931,296984.84809835,,3,,13376615.30961927,339163674.1789876,0.4950996991671457,,,74.711865594327,10295088174.437256,851830493.586174,147561391.53311768,999391885.1192917,41.84494935218213,8.600436945217714,24.266479296927162
hydrogen_central_nt250_tc15_A200_33d086a5,hydrogen_central,250,15.0,200,3750.0,1.2,150,8.0,0.16021636737221745,0.5588172440981931,296984.84809835,,3,,13517154.552635385,342727042.40961933,0.4538604033912448,,,74.28470785173651,10337007024.438894,855298919.8961228,148818957.03316686,1004117876.9292897,41.4098831196327,8.86064651065643,24.014178221447377
hydrogen_central_nt250_tc15_A200_13a6875c,hydrogen_central,250,15.0,200,3750.0,1.3,150,8.0,0.16021636737221745,0.5588172440981931,296984.84809835,,4,,13637914.894063413,345788917.19227725,0.41890006117980955,,,74.39851644922642,10446756272.54588,864379731.5027504,150260904.07637638,1014640635.5791268,41.04320891299145,9.127937165698604,24.227370370536367
hydrogen_central_nt250_tc15_A200_c441da07,hydrogen_central,250,15.0,200,3750.0,1.4,150,8.0,0.16021636737221745,0.5588172440981931,296984.84809835,,4,,13741536.72072945,348416245.4546007,0.38881882840905757,,,74.18002070585963,10488505274.49628,867834104.3391526,151513374.13488847,1019347478.474041,40.73371133886758,9.401632127808499,24.044677239183564
hydrogen_central_nt250_tc15_A200_641b6803,hydrogen_central,250,15.0,200,3750.0,1.5,150,8.0,0.16021636737221745,0.5588172440981931,296984.84809835,,4,,13830775.650003137,350678895.7911546,0.3626621722743624,,,74.04125238778538,10530197768.849873,871283801.6552224,152764148.96549618,1024047950.6207186,40.47088929061729,9.680826922076307,23.889536175091788
hydrogen_central_nt250_tc15_A200_dfccdd1b,hydrogen_central,250,15.0,200,3750.0,1.6,150,8.0,0.16021636737221745,0.5588172440981931,296984.84809835,,4,,13914198.879695708,352794089.2417776,0.33982005744334537,,,73.93486022355665,10571854132.087267,874730509.4304527,154013839.862618,1028744349.2930707,40.22824418238325,9.960310696747115,23.746305344426297
hydrogen_central_nt250_tc15_A200_61994bd2,hydrogen_central,250,15.0,200,3750.0,1.7,150,8.0,0.16021636737221745,0.5588172440981931,296984.84809835,,4,,13988803.331257483,354685682.84121406,0.3196335683518595,,,73.87605068740082,10613482076.234379,878174865.7690278,155262678.1870314,1033437543.9560592,40.01370073478085,10.242687327008724,23.619662625611255
hydrogen_central_nt250_tc15_A200_59f33a5b,hydrogen_central,250,15.0,200,3750.0,1.8,150,8.0,0.16021636737221745,0.5588172440981931,296984.84809835,,4,,14056142.635336267,356393068.84726846,0.30167227002977587,,,73.85583968249654,10655087654.256054,881617371.5020181,156510845.52768162,1038128217.0296997,39.82200555702112,10.527327127624082,23.506506997851343
hydrogen_central_nt250_tc15_A200_ebd8bc45,hydrogen_central,250,15.0,200,3750.0,1.9,150,8.0,0.16021636737221745,0.5588172440981931,296984.84809835,,4,,14121935.084411265,358061234.39176637,0.28567933945107327,,,73.84376374519822,10696675030.408745,885058371.1860288,157758466.81226236,1042816837.9982913,39.63647947599794,10.810291346816848,23.396992922383426
hydrogen_central_nt250_tc15_A200_000425ec,hydrogen_central,250,15.0,200,3750.0,2.0,150,8.0,0.16021636737221745,0.5588172440981931,296984.84809835,,4,,14177624.750232149,359473244.17424315,0.2712009781756073,,,73.8842720417696,10738244888.47332,888497921.3980783,159005562.55419958,1047503483.9522779,39.48078750818094,11.098394926465417,23.305089607123247
hydrogen_decentral_nt50_tc15_A200_79895dbd,hydrogen_decentral,50,15.0,200,750.0,1.0,150,8.0,0.053754099213902395,0.6296604339166372,,141421.35623730952,1,,3235373.1675054873,82032788.22275577,0.6294538462718697,0.7992558988062667,0.7988911604575499,56.248162108144896,1944683925.2552094,160905962.1298282,21077832.276362672,181983794.40619087,34.60149795123706,10.770557917373953,10.876106239533893
hydrogen_decentral_nt50_tc15_A200_976c3240,hydrogen_decentral,50,15.0,200,750.0,1.1,150,8.0,0.053754099213902395,0.6296604339166372,,141421.35623730952,1,,3300428.753132114,83682270.61694002,0.5786627604338443,0.8156153584967327,0.8152197365232211,55.44477309576807,1953622332.166595,161645538.85245457,21345984.48370423,182991523.3361588,33.91945907654842,10.86358945966562,10.661724559554036
hydrogen_decentral_nt50_tc15_A200_084782ce,hydrogen_decentral,50,15.0,200,750.0,1.2,150,8.0,0.053754099213902395,0.6296604339166372,,141421.35623730952,1,,3354391.6205847845,85050497.47933024,0.5304408637310241,0.8291944453888668,0.8287679912390423,54.850910538792256,1962491398.3558474,162379378.22338858,21612056.46938181,183991434.6927704,33.37378895771627,10.986914630167725,10.490206950908272
hydrogen_decentral_nt50_tc15_A200_7b07d23e,hydrogen_decentral,50,15.0,200,750.0,1.3,150,8.0,0.053754099213902395,0.6296604339166372,,141421.35623730952,1,,3354333.397535718,85049021.23569265,0.4896377203670992,0.8291798655739567,0.8286135481658218,55.13545264732267,1970928894.3686519,163077508.85339764,21865181.34976594,184942690.20316356,33.37436824531882,11.270695366680709,10.490389035323156
hydrogen_decentral_nt50_tc15_A200_0d121273,hydrogen_decentral,50,15.0,200,750.0,1.4,150,8.0,0.053754099213902395,0.6296604339166372,,141421.35623730952,1,,3398343.5119005158,86164896.34636196,0.4546635974837349,0.8402606469948442,0.8397237226646129,54.712725921926115,1979709577.7593627,163804035.3036815,22128601.851487264,185932637.15516877,32.94215479833037,11.416037460032097,10.354533663563638
hydrogen_decentral_nt50_tc15_A200_5616adee,hydrogen_decentral,50,15.0,200,750.0,1.5,150,8.0,0.053754099213902395,0.6296604339166372,,141421.35623730952,1,,3398224.9197407844,86161889.44576026,0.42435269098481926,0.8402307886882228,0.8396113828801478,54.99456302510925,1988147090.2401075,164502167.29627177,22381727.225909606,186883894.5221814,32.9433044224359,11.696363583831827,10.35489501884152
hydrogen_decentral_nt50_tc15_A200_3e96e4d8,hydrogen_decentral,50,15.0,200,750.0,1.6,150,8.0,0.053754099213902395,0.6296604339166372,,141421.35623730952,1,,3436667.3979380345,87136597.3108021,0.39783064779826804,0.8499116667423507,0.8489910439070779,54.6657200779069,1996875055.6837802,165224331.78732947,22643566.189219788,187867897.97654927,32.57480141782024,11.8518532458893,10.239065414197361
hydrogen_decentral_nt50_tc15_A200_0b031224,hydrogen_decentral,50,15.0,200,750.0,1.7,150,8.0,0.053754099213902395,0.6296604339166372,,141421.35623730952,1,,3469408.157227541,87966738.26641838,0.3744288449866052,0.8581621717800181,0.8572929573065037,54.43228166096588,2005566659.8782363,165943487.69600862,22904314.315053478,188847802.0110621,32.26739344395515,12.022448728874382,10.142439488136347
hydrogen_decentral_nt50_tc15_A200_1ceb3641,hydrogen_decentral,50,15.0,200,750.0,1.8,150,8.0,0.053754099213902395,0.6296604339166372,,141421.35623730952,1,,3469369.305136585,87965753.17283432,0.3536272424873494,0.8581524353813774,0.8571712710590655,54.70707692950675,2014004119.9816318,166641615.3548212,23157438.118155338,189799053.47297654,32.267754793697634,12.296769066515266,10.142553069293857
hydrogen_decentral_nt50_tc15_A200_d040cf81,hydrogen_decentral,50,15.0,200,750.0,1.9,150,8.0,0.053754099213902395,0.6296604339166372,,141421.35623730952,1,,3498494.537919258,88704222.5638757,0.33501528235643624,0.8654944999694962,0.8643548825410918,54.53083110029092,2022667848.4036474,167358464.78174955,23417349.970815815,190775814.75256535,31.999123283899824,12.4735922718531,10.058115544537998
hydrogen_decentral_nt50_tc15_A200_b3a00e2e,hydrogen_decentral,50,15.0,200,750.0,2.0,150,8.0,0.053754099213902395,0.6296604339166372,,141421.35623730952,1,,3498470.5570203224,88703614.52891284,0.31826451823861446,0.8654885297120576,0.8643544023436823,54.80311281612125,2031105400.8048072,168056600.0774127,23670476.5428506,191727076.62026328,31.99934262767562,12.745585698736193,10.058184489709445
hydrogen_decentral_nt75_tc15_A200_68da6da2,hydrogen_decentral,75,15.0,200,1125.0,1.0,150,8.0,0.07215531677959253,0.6174157112421385,,155563.49186104047,1,,4763184.3496995475,120770394.26215892,0.6171550684915333,0.800551187651186,0.8001372015386486,54.133805609176946,2735906093.8802886,226372829.3403235,31476466.326985694,257849295.6673092,35.254385451401845,10.97378503326253,7.9056351245125756
hydrogen_decentral_nt75_tc15_A200_aee01c8c,hydrogen_decentral,75,15.0,200,1125.0,1.1,150,8.0,0.07215531677959253,0.6174157112421385,,155563.49186104047,1,,4858361.087623848,123183597.5563856,0.5670376838191403,0.8168341735549112,0.8163022931880659,53.38444063430259,2749313704.247367,227482194.42426303,31878694.63799804,259360889.06226107,34.56374156053547,11.069937691407564,7.750761382359565
hydrogen_decentral_nt75_tc15_A200_87b1a833,hydrogen_decentral,75,15.0,200,1125.0,1.2,150,8.0,0.07215531677959253,0.6174157112421385,,155563.49186104047,1,,4937190.967566357,125182326.76385286,0.5197845435008785,0.8303298644909948,0.8297795546428943,52.83586513279274,2762617303.5312457,228582953.4806641,32277802.616514403,260860756.09717852,34.01187803824519,11.19697858973479,7.627008504812758
hydrogen_decentral_nt75_tc15_A200_eebf83dc,hydrogen_decentral,75,15.0,200,1125.0,1.3,150,8.0,0.07215531677959253,0.6174157112421385,,155563.49186104047,1,,4937068.385866081,125179218.70857204,0.4798011170777341,0.830309006747233,0.8297799099224153,53.126191266389895,2775273547.550452,229630149.42567766,32657489.937090605,262287639.36276826,34.01272251385574,11.486270877917812,7.627197874616347
hydrogen_decentral_nt75_tc15_A200_859d80ef,hydrogen_decentral,75,15.0,200,1125.0,1.4,150,8.0,0.07215531677959253,0.6174157112421385,,155563.49186104047,1,,5001452.1305602025,126811666.59635402,0.4455296087150388,0.84133789968337,0.8406678897260161,52.739195118764705,2788444572.636518,230719939.1011034,33052620.689672578,263772559.79077598,33.574876387267146,11.635305853532552,7.529012877965017
hydrogen_decentral_nt75_tc15_A200_8d749693,hydrogen_decentral,75,15.0,200,1125.0,1.5,150,8.0,0.07215531677959253,0.6174157112421385,,155563.49186104047,1,,5001237.612389569,126806227.49466455,0.4158276348007029,0.8413012669110028,0.8405459116146402,53.02676385227451,2801100841.3576355,231767137.0899888,33432308.7513061,265199445.84129488,33.57631651501552,11.921111517215554,7.529335820043444
hydrogen_decentral_nt75_tc15_A200_69ce94a6,hydrogen_decentral,75,15.0,200,1125.0,1.6,150,8.0,0.07215531677959253,0.6174157112421385,,155563.49186104047,2,,5057573.757025303,128234628.72782208,0.3898384076256589,0.8509534744367799,0.8500713734867641,53.876210384642164,2882118005.5231447,238470614.49306896,34012293.276271366,272482907.76934034,33.20231105026128,12.080163220175272,8.59373611420561
hydrogen_decentral_nt75_tc15_A200_5ba180b7,hydrogen_decentral,75,15.0,200,1125.0,1.7,150,8.0,0.07215531677959253,0.6174157112421385,,155563.49186104047,2,,5105480.569798396,129449304.50807293,0.36690673658885553,0.8591667465215728,0.8581504815689872,53.65856555045656,2895155411.814829,239549348.35608765,34403415.46502189,273952763.82110953,32.89076018303672,12.254707794761147,8.513097572658703
hydrogen_decentral_nt75_tc15_A200_878a2dc8,hydrogen_decentral,75,15.0,200,1125.0,1.8,150,8.0,0.07215531677959253,0.6174157112421385,,155563.49186104047,2,,5105412.6599987615,129447582.6571694,0.34652302900058574,0.8591551370702405,0.8580206772987349,53.93876251602511,2907811601.969922,240596539.84430653,34783101.169674695,275379641.0139812,32.89119768046986,12.534354025673844,8.513210809881418
hydrogen_decentral_nt75_tc15_A200_0df7bec3,hydrogen_decentral,75,15.0,200,1125.0,1.9,150,8.0,0.07215531677959253,0.6174157112421385,,155563.49186104047,2,,5148058.505086488,130528866.7618278,0.32828497484266017,0.8664690995941304,0.8654310258360536,53.77654171176003,2920807194.6029463,241671813.9846991,35172968.94866541,276844782.9333645,32.618731289568274,12.71512194010414,8.442688482087618
hydrogen_decentral_nt75_tc15_A200_28cc80dd,hydrogen_decentral,75,15.0,200,1125.0,2.0,150,8.0,0.07215531677959253,0.6174157112421385,,155563.49186104047,2,,5148008.924828464,130527609.65589415,0.3118707261005272,0.8664606473621016,0.8650067195545981,54.05423335473017,2933463523.204685,242719016.9281938,35552658.806717575,278271675.7349114,32.619045439201145,12.992418122262766,8.442769793266265
hydrogen_decentral_nt100_tc15_A200_167626bd,hydrogen_decentral,100,15.0,200,1500.0,1.0,150,8.0,0.08639459662359783,0.6079404668920301,,169705.62748477142,2,,6258068.600695281,158673138.9628621,0.6076584749629644,0.8015396880835253,0.8011925286802448,54.2535205889561,3595053478.5053687,297459927.21731246,42062326.457608715,339522253.67492115,35.777414780812975,11.136590634709226,7.339515173433898
hydrogen_decentral_nt100_tc15_A200_668c14c5,hydrogen_decentral,100,15.0,200,1500.0,1.1,150,8.0,0.08639459662359783,0.6079404668920301,,169705.62748477142,2,,6382632.120337626,161831443.21342865,0.558066503920366,0.8177800237637586,0.817211010552094,53.510480487600226,3612930292.3281393,298939080.6625651,42598630.87229184,341537711.534857,35.079182354945644,11.23502101919882,7.196277113455759
hydrogen_decentral_nt100_tc15_A200_db53cbe2,hydrogen_decentral,100,15.0,200,1500.0,1.2,150,8.0,0.08639459662359783,0.6079404668920301,,169705.62748477142,2,,6485657.839922473,164443657.19884568,0.5115609619270023,0.8312215760545393,0.8307320300124899,52.96880327750789,3630668424.7066445,300406759.4044332,43130774.84364699,343537534.2480802,34.52194389220713,11.364896293066097,7.08196309223465
hydrogen_decentral_nt100_tc15_A200_bc236626,hydrogen_decentral,100,15.0,200,1500.0,1.3,150,8.0,0.08639459662359783,0.6079404668920301,,169705.62748477142,2,,6485355.598497546,164435993.87671265,0.47221011870184815,0.8311822380975886,0.8307349637729853,53.26462674597121,3647543416.7322536,301803020.6644513,43637024.60441526,345440045.26886654,34.52355274176901,11.658780866439018,7.08229313776319
hydrogen_decentral_nt100_tc15_A200_19b68fec,hydrogen_decentral,100,15.0,200,1500.0,1.4,150,8.0,0.08639459662359783,0.6079404668920301,,169705.62748477142,2,,6569271.838598565,166563687.5912415,0.43848082450885906,0.8421368804827155,0.8414738605857304,52.885608589306386,3665104783.5136747,303256073.56501895,44163865.6078579,347419939.17287683,34.08254697854327,11.811238075418009,6.991823535345105
hydrogen_decentral_nt100_tc15_A200_6224dd6a,hydrogen_decentral,100,15.0,200,1500.0,1.5,150,8.0,0.08639459662359783,0.6079404668920301,,169705.62748477142,2,,6568872.913119926,166553572.84786832,0.4092487695416018,0.8420851904531163,0.8414759980653139,53.178446063281996,3681979808.4751644,304652337.5501995,44670116.35670259,349322453.9069021,34.08461680034474,12.101581116462162,6.992248146475094
hydrogen_decentral_nt100_tc15_A200_4410bb08,hydrogen_decentral,100,15.0,200,1500.0,1.6,150,8.0,0.08639459662359783,0.6079404668920301,,169705.62748477142,2,,6643047.801305027,168434274.88095912,0.3836707214452516,0.8517696759174067,0.8508250151301266,52.88091721191993,3699435739.3625097,306096666.5323149,45193794.283322945,351290460.8156378,33.70403506804095,12.262707983914327,6.914174159964659
hydrogen_decentral_nt100_tc15_A200_d0a8bc3e,hydrogen_decentral,100,15.0,200,1500.0,1.7,150,8.0,0.08639459662359783,0.6079404668920301,,169705.62748477142,2,,6705657.153254647,170021733.09469187,0.361101855477884,0.8599496099754552,0.8588887876377699,52.67944077833006,3716818947.7514224,307534978.3496732,45715290.534990326,353250268.8846635,33.38934737293964,12.440475478100453,6.84961792728997
hydrogen_decentral_nt100_tc15_A200_b763b895,hydrogen_decentral,100,15.0,200,1500.0,1.8,150,8.0,0.08639459662359783,0.6079404668920301,,169705.62748477142,2,,6705557.100637812,170019196.26363623,0.34104064128466816,0.8599365636083692,0.8588946757701396,52.96394713792108,3733693867.9582133,308931233.6672984,46221538.14119405,355152771.8084924,33.38984557040913,12.724381438095051,6.849720129416902
hydrogen_decentral_nt100_tc15_A200_3a6c6c0d,hydrogen_decentral,100,15.0,200,1500.0,1.9,150,8.0,0.08639459662359783,0.6079404668920301,,169705.62748477142,2,,6761228.799852067,171430750.50334856,0.32309113384863297,0.8672126947481836,0.8661246465073239,52.816774130685154,3751021324.8022447,310364932.52115506,46741361.846515,357106294.36767006,33.11491485967103,12.908539475032923,6.7933197959812
hydrogen_decentral_nt100_tc15_A200_b0fb7e33,hydrogen_decentral,100,15.0,200,1500.0,2.0,150,8.0,0.08639459662359783,0.6079404668920301,,169705.62748477142,2,,6761183.883816399,171429611.65863082,0.3069365771562013,0.8672068995043626,0.8658617740847263,53.09851414667054,3767896429.6045637,311761203.11248136,47247614.99058457,359008818.1030659,33.11513484935369,13.190014371814033,6.793364925502821
hydrogen_decentral_nt125_tc15_A200_f636f317,hydrogen_decentral,125,15.0,200,1875.0,1.0,150,8.0,0.10352008261059809,0.5965446543145069,,197989.89873223333,2,,7684050.182889591,194828858.5925353,0.5962523116334763,0.8027737528088968,0.8021910465010575,54.35919064329127,4414064943.63108,365226121.0341911,52472627.77012132,417698748.8043124,36.42244498747862,11.337371976867844,6.599373678944793
hydrogen_decentral_nt125_tc15_A200_3d30f58d,hydrogen_decentral,125,15.0,200,1875.0,1.1,150,8.0,0.10352008261059809,0.5965446543145069,,197989.89873223333,2,,7835828.7185643725,198677198.74656117,0.547351106547916,0.8189150321572591,0.8184578130158507,53.62777648950724,4436410960.909543,367075062.8407569,53143008.28847523,420218071.1292321,35.71694904512888,11.439282398413757,6.471545045964611
hydrogen_decentral_nt125_tc15_A200_acd69f76,hydrogen_decentral,125,15.0,200,1875.0,1.2,150,8.0,0.10352008261059809,0.5965446543145069,,197989.89873223333,2,,7961133.470204797,201854296.91188633,0.5017385143355896,0.8322501998695766,0.8318981276897731,53.0976965909211,4458583626.382674,368909661.268092,53808188.25266916,422717849.52076113,35.15477992107091,11.573230906580607,6.369685763269586
hydrogen_decentral_nt125_tc15_A200_7586b66e,hydrogen_decentral,125,15.0,200,1875.0,1.3,150,8.0,0.10352008261059809,0.5965446543145069,,197989.89873223333,2,,7960717.1286816485,201843740.5852345,0.4631432440020827,0.8322063983380458,0.8315660353074846,53.39920781322161,4479677366.414686,370654987.8431147,54441000.4536295,425095988.29674417,35.15661849847314,11.872570420100162,6.370018894648303
hydrogen_decentral_nt125_tc15_A200_fd0d3088,hydrogen_decentral,125,15.0,200,1875.0,1.4,150,8.0,0.10352008261059809,0.5965446543145069,,197989.89873223333,2,,8063296.937249633,204444648.51038623,0.43006158371621966,0.8431294611422064,0.8426029981537239,53.02680268433723,4501629074.891462,372471303.9688242,55099551.70793279,427570855.676757,34.709362342146946,12.028459678413626,6.288980663776658
hydrogen_decentral_nt125_tc15_A200_556c3c7e,hydrogen_decentral,125,15.0,200,1875.0,1.5,150,8.0,0.10352008261059809,0.5965446543145069,,197989.89873223333,2,,8062817.176169307,204432484.18279177,0.40139081146847166,0.8430787390569727,0.8424729740266912,53.32490985471655,4522722856.093325,374216633.95029986,55732365.14398866,429948999.0942885,34.71142765019137,12.324127328101566,6.289354876423612
hydrogen_decentral_nt125_tc15_A200_6671c618,hydrogen_decentral,125,15.0,200,1875.0,1.6,150,8.0,0.10352008261059809,0.5965446543145069,,197989.89873223333,2,,8153783.841186193,206738941.2065465,0.37630388575169216,0.8527656683763377,0.8516832247349821,53.03169867540938,4544542769.702506,376022045.1779441,56386962.55226412,432409007.7302082,34.32417396861064,12.488336227885702,6.219188478913041
hydrogen_decentral_nt125_tc15_A200_cb0ca69f,hydrogen_decentral,125,15.0,200,1875.0,1.7,150,8.0,0.10352008261059809,0.5965446543145069,,197989.89873223333,2,,8230189.2509464845,208676198.04631048,0.35416836306041616,0.8609081125648815,0.8599518085814123,52.837031392258794,4566271780.188646,377819934.94964194,57038832.86684833,434858767.8164903,34.00552363180901,12.670055456200432,6.161452304249355
hydrogen_decentral_nt125_tc15_A200_196ac4ce,hydrogen_decentral,125,15.0,200,1875.0,1.8,150,8.0,0.10352008261059809,0.5965446543145069,,197989.89873223333,2,,8230104.913704331,208674059.67810172,0.3344923428903931,0.8608991761094538,0.85975000987605,53.126527675633014,4587365430.447135,379565254.0966734,57671642.374602996,437236896.4712764,34.0058721002807,12.959140132187919,6.161515443164405
hydrogen_decentral_nt125_tc15_A200_dc02e082,hydrogen_decentral,125,15.0,200,1875.0,1.9,150,8.0,0.10352008261059809,0.5965446543145069,,197989.89873223333,2,,8298029.024363179,210396273.4372003,0.31688748273826706,0.8681403456708559,0.8669079760418268,52.98593176516288,4609024751.502174,381357377.6639943,58321422.006254174,439678799.6702485,33.72751459962501,13.147337248154221,6.111079917383653
hydrogen_decentral_nt125_tc15_A200_7280a5e8,hydrogen_decentral,125,15.0,200,1875.0,2.0,150,8.0,0.10352008261059809,0.5965446543145069,,197989.89873223333,2,,8297970.825826904,210394797.81508377,0.30104310860135375,0.8681342048096812,0.8668233143722275,53.272898111863604,4630118632.505074,383102715.9031522,58954238.43634113,442056954.33949333,33.727751150466545,13.434024183425713,6.111122777971346
hydrogen_decentral_nt150_tc15_A200_e42789e4,hydrogen_decentral,150,15.0,200,2250.0,1.0,150,8.0,0.11633680565513049,0.5880160219717878,,212132.03435596428,2,,9096081.410595845,230630867.4086168,0.5877840203770596,0.803671309294013,0.8031975520702774,54.26119531983162,5205287112.256159,430692988.24468637,62871261.82074434,493564250.0654307,36.922083138961874,11.492896505195025,5.8462156756747214
hydrogen_decentral_nt150_tc15_A200_dbce48d3,hydrogen_decentral,150,15.0,200,2250.0,1.1,150,8.0,0.11633680565513049,0.5880160219717878,,212132.03435596428,2,,9275225.67740334,235173064.84288386,0.5393495008449292,0.8197839067934901,0.8194094515612408,53.53912175583391,5232102332.990315,432911718.4125654,63675718.442769036,496587436.85533446,36.208959842237256,11.596861659847317,5.733300253749329
hydrogen_decentral_nt150_tc15_A200_79577e77,hydrogen_decentral,150,15.0,200,2250.0,1.2,150,8.0,0.11633680565513049,0.5880160219717878,,212132.03435596428,2,,9422797.619229335,238914746.9378635,0.4944037091078517,0.8330657593824787,0.8324781368146247,53.01898556174542,5258709531.558073,435113236.5253675,64473934.39980176,499587170.9251692,35.641885526164295,11.73358991483759,5.643510120743537
hydrogen_decentral_nt150_tc15_A200_4d59ca20,hydrogen_decentral,150,15.0,200,2250.0,1.3,150,8.0,0.11633680565513049,0.5880160219717878,,212132.03435596428,2,,9422343.14997748,238903223.88381037,0.45637265456109394,0.8330253012689045,0.8324787092613598,53.32441511191934,5284022019.596486,437207628.4153946,65233309.040954165,502440937.4563488,35.64360464642896,12.03702814049981,5.643782324990569
hydrogen_decentral_nt150_tc15_A200_4c1a1db1,hydrogen_decentral,150,15.0,200,2250.0,1.4,150,8.0,0.11633680565513049,0.5880160219717878,,212132.03435596428,2,,9543089.109005574,241964734.00115553,0.42377460780673004,0.8438990456590548,0.8434026005667364,52.9609199431472,5310364069.768618,439387207.7662461,66023570.54611811,505410778.3123642,35.192616378679276,12.195930392382964,5.572373172084964
hydrogen_decentral_nt150_tc15_A200_dc55e7fa,hydrogen_decentral,150,15.0,200,2250.0,1.5,150,8.0,0.11633680565513049,0.5880160219717878,,212132.03435596428,2,,9542531.690466182,241950600.67104927,0.3955229672862814,0.8438494057753372,0.843097673787678,53.26307178221923,5335676607.210853,441481603.74401695,66782946.66938516,508264550.4134021,35.19467212420421,12.495700980685195,5.572698677329828
hydrogen_decentral_nt150_tc15_A200_0a28ac52,hydrogen_decentral,150,15.0,200,2250.0,1.6,150,8.0,0.11633680565513049,0.5880160219717878,,212132.03435596428,3,,9650233.210882626,244681369.44428566,0.3708027818308888,0.8535480031920597,0.8525321313898919,53.57632362085801,5429785719.541871,449268327.8836837,67755689.63931568,517024017.52299935,34.8018816480051,12.662143006874084,6.112298965978828
hydrogen_decentral_nt150_tc15_A200_c5855c19,hydrogen_decentral,150,15.0,200,2250.0,1.7,150,8.0,0.11633680565513049,0.5880160219717878,,212132.03435596428,3,,9740191.485242583,246962258.7536152,0.3489908534878954,0.8616555474941605,0.8606310719669017,53.38331699272419,5455860532.12524,451425795.6097211,68537934.01681674,519963729.62653786,34.48045909463155,12.847010786082459,6.055847112010178
hydrogen_decentral_nt150_tc15_A200_6c6893e6,hydrogen_decentral,150,15.0,200,2250.0,1.8,150,8.0,0.11633680565513049,0.5880160219717878,,212132.03435596428,3,,9739968.067359708,246956593.9999926,0.32960247273856785,0.8616354176561831,0.8603722795639653,53.677535736932406,5481172912.435427,453520178.5861589,69297305.42612234,522817484.0122812,34.48125001623603,13.14029969811365,6.05598602258272
hydrogen_decentral_nt150_tc15_A200_e72ef882,hydrogen_decentral,150,15.0,200,2250.0,1.9,150,8.0,0.11633680565513049,0.5880160219717878,,212132.03435596428,3,,9819975.709335104,248985185.3279692,0.31225497417338,0.8688487716115177,0.8676257231992813,53.53860166387778,5507164097.701474,455670726.86694396,70077040.98410377,525747767.85104775,34.200316174053455,13.331640237101361,6.0066452527229535
hydrogen_decentral_nt150_tc15_A200_d4dd9559,hydrogen_decentral,150,15.0,200,2250.0,2.0,150,8.0,0.11633680565513049,0.5880160219717878,,212132.03435596428,3,,9819770.261052107,248979976.19300476,0.2966422254647111,0.86883030894108,0.8675520781187999,53.830338124173814,5532476754.904952,457765132.75393337,70836420.7002081,528601553.4541415,34.201031709758375,13.622535491241852,6.006770923173579
hydrogen_decentral_nt175_tc15_A200_f8335493,hydrogen_decentral,175,15.0,200,2625.0,1.0,150,8.0,0.1285518050845479,0.5798877945896361,,226274.16997969523,3,,10471753.114557324,265510981.60642302,0.57959867812632,0.804552481207535,0.8041779176470812,54.932273687141816,6064434496.881239,501780086.12167525,73457121.95136736,575237208.0730426,37.4169108847266,11.646923677729388,5.86843912468582
hydrogen_decentral_nt175_tc15_A200_353fb6a8,hydrogen_decentral,175,15.0,200,2625.0,1.1,150,8.0,0.1285518050845479,0.5798877945896361,,226274.16997969523,3,,10677118.870355798,270718024.09624237,0.5316402021442974,0.820614605812863,0.8201713032462861,54.20603314015965,6095718921.071088,504368604.65086746,74395654.67706284,578764259.3279303,36.697226831679245,11.75324186945013,5.755564439030262
hydrogen_decentral_nt175_tc15_A200_a16111f6,hydrogen_decentral,175,15.0,200,2625.0,1.2,150,8.0,0.1285518050845479,0.5798877945896361,,226274.16997969523,3,,10846076.902284147,275001949.85507476,0.48733685196560594,0.8338382509990153,0.8333593344951983,53.68429104107201,6126760652.733471,506937042.4491365,75326906.62693436,582263949.0760709,36.125564720247695,11.892820921557131,5.66590539926718
hydrogen_decentral_nt175_tc15_A200_2ce4e3a7,hydrogen_decentral,175,15.0,200,2625.0,1.3,150,8.0,0.1285518050845479,0.5798877945896361,,226274.16997969523,3,,10845642.868132738,274990944.9323717,0.44984940181440547,0.8338049310145954,0.8332914160319196,53.99341933736998,6156291888.778287,509380499.65416825,76212843.70827882,585593343.362447,36.127010437114656,12.200276755882125,5.6661321443731945
hydrogen_decentral_nt175_tc15_A200_6fa4346c,hydrogen_decentral,175,15.0,200,2625.0,1.4,150,8.0,0.1285518050845479,0.5798877945896361,,226274.16997969523,3,,10984240.233623985,278505076.9174439,0.41771730168480503,0.8446584442088686,0.843951235629126,53.62757415768205,6187024280.645774,511923342.2301616,77134815.46430343,589058157.694465,35.67116566650125,12.361770685153497,5.594637806027291
hydrogen_decentral_nt175_tc15_A200_3b2f8431,hydrogen_decentral,175,15.0,200,2625.0,1.5,150,8.0,0.1285518050845479,0.5798877945896361,,226274.16997969523,3,,10983906.354348354,278496611.41856885,0.38986948157248474,0.844632488688209,0.8439534167217514,53.932320557748774,6216555574.328381,514366804.2042275,78020754.27478166,592387558.4790092,35.67224996771154,12.665262723053692,5.594807866983552
hydrogen_decentral_nt175_tc15_A200_9c6095bc,hydrogen_decentral,175,15.0,200,2625.0,1.6,150,8.0,0.1285518050845479,0.5798877945896361,,226274.16997969523,3,,11107029.616496189,281618397.9841833,0.36550263897420443,0.8542733382728065,0.8532119499486773,53.64454684485277,6247103453.381235,516894379.9229295,78937190.64636728,595831570.5692968,35.276817171020824,12.834941178314747,5.532788495517187
hydrogen_decentral_nt175_tc15_A200_c37af205,hydrogen_decentral,175,15.0,200,2625.0,1.7,150,8.0,0.1285518050845479,0.5798877945896361,,226274.16997969523,3,,11210101.227084853,284231775.5346058,0.3440024837404277,0.8623512617308496,0.8611707591918981,53.457254537738685,6277524068.061832,519411425.6033066,79849809.08678518,599261234.6900917,34.95246342179028,13.022874009522829,5.481917106425576
hydrogen_decentral_nt175_tc15_A200_34569758,hydrogen_decentral,175,15.0,200,2625.0,1.8,150,8.0,0.1285518050845479,0.5798877945896361,,226274.16997969523,3,,11209880.098103289,284226168.8160063,0.32489123464373726,0.8623339907971942,0.861092042640928,53.755313128527625,6307055178.423717,521854872.4091506,80735742.3976417,602590614.8067923,34.953152903084636,13.320134981308884,5.482025244134111
hydrogen_decentral_nt175_tc15_A200_74e07b15,hydrogen_decentral,175,15.0,200,2625.0,1.9,150,8.0,0.1285518050845479,0.5798877945896361,,226274.16997969523,3,,11301550.707858609,286550474.3371858,0.3077916959782774,0.8695209679748377,0.8683307535244329,53.62178120069493,6337378227.900772,524363845.4033999,81645433.88195337,606009279.2853533,34.66963633776332,13.514586135810454,5.43755872712115
hydrogen_decentral_nt175_tc15_A200_24fe506e,hydrogen_decentral,175,15.0,200,2625.0,2.0,150,8.0,0.1285518050845479,0.5798877945896361,,226274.16997969523,3,,11301361.595442312,286545679.39762455,0.29240211117936354,0.869506235020855,0.8680398662770533,53.917281619237286,6366909661.30483,526807318.93822086,82531376.8840751,609338695.8222959,34.670216485442396,13.809415416764164,5.437649717030725
hydrogen_decentral_nt200_tc15_A200_27dbba28,hydrogen_decentral,200,15.0,200,3000.0,1.0,150,8.0,0.14055492220723298,0.5719005600562623,,240416.30560342618,3,,11813770.018374026,299537779.3705382,0.5716843100756184,0.8054072641972764,0.8050531956523368,55.113880524294714,6855656665.506318,567246953.3321706,83855756.0019904,651102709.334161,37.904498852716415,11.798697293324004,5.410684378254285
hydrogen_decentral_nt200_tc15_A200_bc8182c2,hydrogen_decentral,200,15.0,200,3000.0,1.1,150,8.0,0.14055492220723298,0.5719005600562623,,240416.30560342618,3,,12044437.401201041,305386343.8438398,0.5242534747347122,0.8214162084741966,0.8208979673026541,54.39304495772499,6891410293.151859,570205260.2226759,84928364.83135664,655133625.0540326,37.178576067244194,11.907406488352228,5.307062402128569
hydrogen_decentral_nt200_tc15_A200_bef23b02,hydrogen_decentral,200,15.0,200,3000.0,1.2,150,8.0,0.14055492220723298,0.5719005600562623,,240416.30560342618,3,,12234427.623270646,310203540.14377904,0.4805656851734862,0.8346109127349944,0.8341927944833828,53.87528462931657,6926886557.90887,573140617.7064121,85992652.77406694,659133270.480479,36.60122450321908,12.049411874868781,5.224648251228707
hydrogen_decentral_nt200_tc15_A200_1df34309,hydrogen_decentral,200,15.0,200,3000.0,1.3,150,8.0,0.14055492220723298,0.5719005600562623,,240416.30560342618,3,,12234097.863607839,310195179.0975619,0.4435990940062949,0.8345882092731743,0.8340694296512506,54.18775457846069,6960636541.960088,575933140.2264483,87005152.29560348,662938292.5220518,36.60221105797653,12.360754443322485,5.224789077161671
hydrogen_decentral_nt200_tc15_A200_53b00fff,hydrogen_decentral,200,15.0,200,3000.0,1.4,150,8.0,0.14055492220723298,0.5719005600562623,,240416.30560342618,3,,12389983.056079615,314147643.40972656,0.41191344443441674,0.8454201502145571,0.844762180275312,53.825584531597364,6995759275.52293,578839246.0275836,88058834.30248876,666898080.3300724,36.14169850603518,12.524832893900296,5.159053131661881
hydrogen_decentral_nt200_tc15_A200_232fe0c8,hydrogen_decentral,200,15.0,200,3000.0,1.5,150,8.0,0.14055492220723298,0.5719005600562623,,240416.30560342618,3,,12389087.82401727,314124944.8280241,0.38445254813878893,0.8453579269458789,0.8446217300320211,54.13660144517738,7029509325.4459095,581631773.9979446,89071335.80017814,670703109.7981228,36.1443100951812,12.832865426580753,5.159425923415431
hydrogen_decentral_nt200_tc15_A200_926eb74d,hydrogen_decentral,200,15.0,200,3000.0,1.6,150,8.0,0.14055492220723298,0.5719005600562623,,240416.30560342618,3,,12527400.216165256,317631851.3226485,0.3604242638801146,0.8549683224229431,0.8539307800023288,53.85308300001827,7064421187.2206,584520431.9621755,90118691.65341885,674639123.6155944,35.74524836604827,13.005372847507509,5.1024617864624915
hydrogen_decentral_nt200_tc15_A200_d2a0faf8,hydrogen_decentral,200,15.0,200,3000.0,1.7,150,8.0,0.14055492220723298,0.5719005600562623,,240416.30560342618,3,,12643120.357432667,320565931.9835869,0.3392228365930491,0.863015901612899,0.8619296758512631,53.670195376628925,7099187603.9984255,587397055.5968921,91161684.15675361,678558739.7536458,35.41807872171865,13.19635675706769,5.055759897842576
hydrogen_decentral_nt200_tc15_A200_4541f31e,hydrogen_decentral,200,15.0,200,3000.0,1.8,150,8.0,0.14055492220723298,0.5719005600562623,,240416.30560342618,3,,12642856.066898381,320559230.9051314,0.3203771234489908,0.8629976070061335,0.8617882175418355,53.97227825664118,7132937444.412007,590189566.2321424,92174179.36916107,682363745.6013036,35.41881911320134,13.497593558284404,5.055865585155439
hydrogen_decentral_nt200_tc15_A200_2428f0cb,hydrogen_decentral,200,15.0,200,3000.0,1.9,150,8.0,0.14055492220723298,0.5719005600562623,,240416.30560342618,3,,12745778.51605329,323168826.4719394,0.3035151695832544,0.870157745805329,0.868786431803025,53.84298729617039,7167592358.10007,593056963.9398558,93213826.77980296,686270790.7196587,35.132811349555205,13.695136590157107,5.015039356458085
hydrogen_decentral_nt200_tc15_A200_0c11ae22,hydrogen_decentral,200,15.0,200,3000.0,2.0,150,8.0,0.14055492220723298,0.5719005600562623,,240416.30560342618,3,,12745635.985861482,323165212.62326276,0.28833941110409167,0.8701479691021721,0.86862281483091,54.14212668210045,7201342567.704708,595849505.1225084,94226333.0679421,690075838.1904505,35.13320422805463,13.993827016076986,5.015095437968823
hydrogen_decentral_nt225_tc15_A200_f61cdda1,hydrogen_decentral,225,15.0,200,3375.0,1.0,150,8.0,0.14836960105665986,0.5667004381099886,,240416.30560342618,3,,13173162.53153679,334005135.1809531,0.5663669713820085,0.8060174103697926,0.8056456472232753,55.01011734973769,7619089537.630766,630414493.9362826,94242722.79072385,724657216.7270064,38.24210093173488,11.903784152575549,4.86423226542726
hydrogen_decentral_nt225_tc15_A200_03f93894,hydrogen_decentral,225,15.0,200,3375.0,1.1,150,8.0,0.14836960105665986,0.5667004381099886,,240416.30560342618,3,,13429778.969999062,340511637.17036164,0.5192350376350008,0.8220013131340962,0.8215245285209785,54.2966491511746,7659312368.732,633742589.1881012,95449407.72376087,729191996.911862,37.51137023524768,12.013992481000342,4.771286434926574
hydrogen_decentral_nt225_tc15_A200_ac55f23d,hydrogen_decentral,225,15.0,200,3375.0,1.2,150,8.0,0.14836960105665986,0.5667004381099886,,240416.30560342618,3,,13641153.052973086,345871020.6129079,0.47596545116541733,0.8351759171045224,0.834657408772365,53.785159888423536,7699223166.583637,637044866.3573043,96646731.65930997,733691598.0166143,36.93011940888543,12.157686672657896,4.6973538068802085
hydrogen_decentral_nt225_tc15_A200_b27cc36b,hydrogen_decentral,225,15.0,200,3375.0,1.3,150,8.0,0.14836960105665986,0.5667004381099886,,240416.30560342618,3,,13640833.497890469,345862918.3035109,0.43935272415269294,0.8351561046491796,0.8344121815022004,54.100231333188674,7737191898.641257,640186454.192345,97785793.62103857,737972247.8133836,36.93098454717486,12.471782937230074,4.697463848783738
hydrogen_decentral_nt225_tc15_A200_19a0b93b,hydrogen_decentral,225,15.0,200,3375.0,1.4,150,8.0,0.14836960105665986,0.5667004381099886,,240416.30560342618,3,,13813462.245487642,350239914.94644123,0.40797038671321484,0.8459213690673271,0.8453277373018632,53.74662744960488,7776704973.899454,643455823.2186222,98971185.8787845,742427009.0974067,36.469452927034375,12.63841552899882,4.638758993571684
hydrogen_decentral_nt225_tc15_A200_29acf683,hydrogen_decentral,225,15.0,200,3375.0,1.5,150,8.0,0.14836960105665986,0.5667004381099886,,240416.30560342618,3,,13812146.430716712,350206552.50295925,0.3807723609323339,0.8458393929286828,0.8451944624103743,54.06166746019771,7814673780.062807,646597417.1852785,100110250.06368504,746707667.2489636,36.47292719116051,12.949539363874644,4.639200905162554
hydrogen_decentral_nt225_tc15_A200_956027c7,hydrogen_decentral,225,15.0,200,3375.0,1.6,150,8.0,0.14836960105665986,0.5667004381099886,,240416.30560342618,4,,13966382.822611932,354117211.5266717,0.356974088374063,0.8554580081847188,0.8542808350656459,54.19750762628404,7921874840.559334,655467388.0615318,101475751.47858086,756943139.5401126,36.07014196299721,13.123580513064036,5.003785150222792
hydrogen_decentral_nt225_tc15_A200_c519da36,hydrogen_decentral,225,15.0,200,3375.0,1.7,150,8.0,0.14836960105665986,0.5667004381099886,,240416.30560342618,4,,14095038.968001792,357379284.17854446,0.3359756125873534,0.8634879601303944,0.862317858334287,54.01565113965449,7960987059.434387,658703589.6505879,102649118.04483245,761352707.6954204,35.74090233200653,13.316637011805252,4.958111795842704
hydrogen_decentral_nt225_tc15_A200_234f4391,hydrogen_decentral,225,15.0,200,3375.0,1.8,150,8.0,0.14836960105665986,0.5667004381099886,,240416.30560342618,4,,14094808.106944567,357373430.70346266,0.3173103007769449,0.863473656487182,0.862324752135542,54.32023859174108,7998955629.899667,661845164.1152445,103788175.15879086,765633339.2740353,35.741487737812406,13.620557848400656,4.958193005528026
hydrogen_decentral_nt225_tc15_A200_d8c75ebe,hydrogen_decentral,225,15.0,200,3375.0,1.9,150,8.0,0.14836960105665986,0.5667004381099886,,240416.30560342618,4,,14209191.846126752,360273626.9301915,0.3006097586307899,0.8706153282238489,0.8693067700069986,54.19229843406508,8037942407.798738,665070986.5364221,104957778.49576297,770028765.0321851,35.45376940339498,13.820249389793693,4.918279640876408
hydrogen_decentral_nt225_tc15_A200_a1477728,hydrogen_decentral,225,15.0,200,3375.0,2.0,150,8.0,0.14836960105665986,0.5667004381099886,,240416.30560342618,4,,14209110.605655432,360271567.080513,0.28557927069925043,0.8706103994604936,0.8691494145455769,54.49387121588309,8075911393.603954,668212595.3669062,106096848.0699195,774309443.4368256,35.4539721100257,14.12159134475818,4.918307761099214
hydrogen_decentral_nt250_tc15_A200_02e4cf52,hydrogen_decentral,250,15.0,200,3750.0,1.0,150,8.0,0.16021636737221745,0.5588172440981931,,254558.44122715713,4,,14444235.518455217,366233152.09064955,0.5584812119298637,0.8069676281031667,0.8064201584012451,55.823665690328895,8478236922.255846,701501591.8132715,104828582.92134686,806330174.7346184,38.75205367701633,12.062519349124498,5.009092664188059
hydrogen_decentral_nt250_tc15_A200_a6c39827,hydrogen_decentral,250,15.0,200,3750.0,1.1,150,8.0,0.16021636737221745,0.5588172440981931,,254558.44122715713,4,,14724691.481124122,373344104.49097675,0.5118064217167665,0.8229177505976782,0.8224729047735589,55.10260234821,8522928956.812773,705199475.4264032,106169343.95805468,811368819.3844578,38.01395709052303,12.174959000283977,4.9136862574030005
hydrogen_decentral_nt250_tc15_A200_75a1a528,hydrogen_decentral,250,15.0,200,3750.0,1.2,150,8.0,0.16021636737221745,0.5588172440981931,,254558.44122715713,4,,14955182.967164688,379188209.10660976,0.46915588657370255,0.8360348835816317,0.8355510559227013,54.58765552784734,8567274287.759035,708868672.2810733,107499703.88644254,816368376.1675159,37.42808037612145,12.321619351776516,4.837955799949383
hydrogen_decentral_nt250_tc15_A200_c47421f0,hydrogen_decentral,250,15.0,200,3750.0,1.3,150,8.0,0.16021636737221745,0.5588172440981931,,254558.44122715713,4,,14953838.735534577,379154126.15452784,0.4330669722218793,0.8359582153946241,0.8353183704963562,54.91062651145595,8609461767.823057,712359325.4311186,108765328.28836322,821124653.7194818,37.431444864022225,12.640790953586768,4.838390693846956
hydrogen_decentral_nt250_tc15_A200_d604bb4a,hydrogen_decentral,250,15.0,200,3750.0,1.4,150,8.0,0.16021636737221745,0.5588172440981931,,254558.44122715713,4,,15141952.717867486,383923750.45302963,0.40213361706317363,0.846669881067086,0.8460558744191738,54.55534064009728,8653365184.77661,715991957.6825377,110082430.7969698,826074388.4795074,36.966420419088045,12.810638613385224,4.778281607624012
hydrogen_decentral_nt250_tc15_A200_c066ac41,hydrogen_decentral,250,15.0,200,3750.0,1.5,150,8.0,0.16021636737221745,0.5588172440981931,,254558.44122715713,4,,15140690.405866522,383891744.5706522,0.37532470925896205,0.8465984751255269,0.8458565101613719,54.874028399170676,8695552747.180334,719482617.645489,111348057.66908154,830830675.3145705,36.96950238925432,13.125846026653225,4.778679983263141
hydrogen_decentral_nt250_tc15_A200_0b502936,hydrogen_decentral,250,15.0,200,3750.0,1.6,150,8.0,0.16021636737221745,0.5588172440981931,,254558.44122715713,4,,15309760.755231177,388178518.1346648,0.35186691493027694,0.8562255502185905,0.8549707161155458,54.58940253529718,8739192574.398699,723093440.1007777,112657252.48563245,835750692.5864102,36.56123691830939,13.302258051738834,4.725907565248958
hydrogen_decentral_nt250_tc15_A200_3118f64e,hydrogen_decentral,250,15.0,200,3750.0,1.7,150,8.0,0.16021636737221745,0.5588172440981931,,254558.44122715713,4,,15450173.707952404,391738684.2787121,0.33116886111084887,0.8642274965802496,0.8631291236484115,54.41040525818042,8782650595.37098,726689219.6441734,113960993.11480087,840650212.7589743,36.22896419905849,13.498483084477419,4.682957974644509
hydrogen_decentral_nt250_tc15_A200_1c5b4d2c,hydrogen_decentral,250,15.0,200,3750.0,1.8,150,8.0,0.16021636737221745,0.5588172440981931,,254558.44122715713,4,,15449934.856820727,391732628.2155357,0.312770591049135,0.8642139846628255,0.8628477940627999,54.719096093490805,8824837895.887957,730179857.9382362,115226612.13031021,845406470.0685464,36.22952428744583,13.806541434343648,4.683030371701339
hydrogen_decentral_nt250_tc15_A200_b8b33489,hydrogen_decentral,250,15.0,200,3750.0,1.9,150,8.0,0.16021636737221745,0.5588172440981931,,254558.44122715713,4,,15574803.45684793,394898667.769978,0.2963089809939174,0.8713325898324186,0.8699470765770089,54.593965106675874,8868156537.998035,733764105.0728781,116526171.39361256,850290276.4664907,35.93905962829561,14.009420585054905,4.645484893325358
hydrogen_decentral_nt250_tc15_A200_83193bc6,hydrogen_decentral,250,15.0,200,3750.0,2.0,150,8.0,0.16021636737221745,0.5588172440981931,,254558.44122715713,4,,15574637.965986812,394894471.75422955,0.28149353194422155,0.8713232693469622,0.8699432749910596,54.89993331930424,8910344300.003832,737254781.5511937,117791804.25378647,855046585.8049802,35.93944150464732,14.314957559972607,4.645534254684318
