id,value,unit,kind,price_year,citation
financial-usd-per-eur-2025,1.1300,USD/EUR,conversion,2025,ecb2025USDEUR
financial-real-wacc,0.066,fraction/year,assumption,,
financial-project-life,25,year,assumption,,
financial-residual-value-fraction,0,fraction,assumption,,
financial-decommissioning-fraction,0.80,fraction,assumption,,
hydrogen-manufactured-cost-markup,1.5,factor,assumption,,
wind-turbine-rated-power,15,MW,sourced,,gaertner2020IEA15
array-usable-string-rating,66,MW,sourced,,tennet2015JTubes
array-reference-target-power,2,GW,assumption,,
hvdc-link-rated-power,2,GW,sourced,,tennet2024TwoGWProgram
hvdc-pole-voltage,525,kV,sourced,,tennet2025TwoGWStandard
hvdc-cable-resistance-at-20c,0.0072,ohm/km,sourced,,prysmian525KVSubmarine
hvdc-reference-route-length,80,km,assumption,,
hvdc-cable-legacy-efficiency,0.995,fraction,assumption,,
hvdc-cable-flat-availability,0.99,fraction,assumption,,
hvdc-cable-material-source-cost,4.57,million USD/mile,reference,,brinkman2024AtlanticTransmission
annual-hours,8760,h/year,assumption,,
hydrogen-hhv,39.4,kWh/kg,sourced,,nrel2009ElectrolysisCost
stack-hhv-voltage,1.481,V,assumption,,
stack-module-rating,1000,kW,assumption,,
stack-reference-current-density,3,A/cm2,assumption,,
stack-min-load,0.10,fraction,assumption,,
stack-figure-min-current-density,0.2,A/cm2,assumption,,
stack-manufacturing-reference-output,1000,MW/year,sourced,,badgett2024PEMCost
stack-manufacturing-lower-output,100,MW/year,sourced,,badgett2024PEMCost
stack-manufactured-reference-cost,164,USD/kW,sourced,2020,badgett2024PEMCost
stack-manufactured-lower-output-cost,183,USD/kW,sourced,2020,badgett2024PEMCost
stack-source-current-density,2,A/cm2,sourced,,badgett2024PEMCost
stack-source-cell-voltage,1.9,V,sourced,,badgett2024PEMCost
stack-replacement-life,,year,assumption,,
stack-replacement-cost-fraction,,fraction,assumption,,
stack-replacement-intervention-cost,,EUR,assumption,,
stack-degradation-rate,0.0018,fraction/1000h,assumption,,
stack-end-of-life-degradation,0.10,fraction,assumption,,
bop-specific-electricity,1.0,kWh/kg,assumption,,
bop-reference-rating,15000,kW,assumption,,
bop-source-rating,1000,kW,sourced,,badgett2024PEMCost
bop-reference-build-exponent,0.75,factor,assumption,,dnv2023OffshoreHydrogen
bop-scaling-exponent,0.75,factor,assumption,,dnv2023OffshoreHydrogen
bop-block-limit,100000,kW,assumption,,
bop-thermal-manufactured-unit-cost,61,USD/kW,sourced,2020,badgett2024PEMCost
bop-processing-manufactured-unit-cost,88,USD/kW,sourced,2020,badgett2024PEMCost
bop-hydrogen-side-manufactured-unit-cost,4,USD/kW,sourced,2020,badgett2024PEMCost
bop-piping-housing-manufactured-unit-cost,69,USD/kW,sourced,2020,badgett2024PEMCost
bop-water-supply-manufactured-unit-cost,42,USD/kW,sourced,2020,badgett2024PEMCost
bop-water-treatment-unit-cost,13000,EUR/MW,assumption,2023,dnv2023OffshoreHydrogen
central-conversion-efficiency,0.975,fraction,assumption,,
turbine-inverter-efficiency,,fraction,assumption,,
turbine-transformer-efficiency,,fraction,assumption,,
turbine-transformer-opex-rate,,fraction/year,assumption,,
turbine-inverter-unit-cost,,EUR/kW,assumption,2025,
central-conversion-unit-cost,,EUR/kW,assumption,,
conservative-conversion-efficiency,,fraction,assumption,,
converter-reduced-conversion-efficiency,,fraction,assumption,,
conservative-conversion-unit-cost,,EUR/kW,assumption,,
converter-reduced-conversion-unit-cost,,EUR/kW,assumption,,
compressor-max-stage-ratio,3.3,factor,assumption,,
compressor-temperature,298,K,assumption,,
hydrogen-heat-capacity-ratio,1.41,factor,assumption,,
compressor-efficiency,0.8,fraction,assumption,,
compressor-motor-efficiency,0.95,fraction,assumption,,
universal-gas-constant,8.314,J/mol/K,assumption,,
hydrogen-molar-mass,0.002016,kg/mol,assumption,,
standard-atmospheric-pressure,1.01325,bar,sourced,,nist2008SP811
compressor-train-limit,1000,kW,assumption,,
compressor-cost-exponent,0.8335,factor,sourced,,transitionAcceleratorCompressorCost
compressor-reference-motor-power,15,kW,assumption,,
compressor-source-cost-coefficient,3083.3,CAD,sourced,2019,transitionAcceleratorCompressorCost
compressor-source-usd-per-cad-2019,0.75,USD/CAD,conversion,2019,transitionAcceleratorCompressorCost
compressor-usd-escalation-2019-2025,1.5342,factor,conversion,,blsPpiAirGasCompressors2026
compressor-reference-inlet-pressure,30,bar,assumption,,
compressor-reference-outlet-pressure,150,bar,assumption,,
compressor-legacy-cost-anchor,56,EUR/kW,reference,,internalModelDescription2026
pipeline-temperature,293,K,assumption,,
pipeline-roughness,0.00000015,m,assumption,,
pipeline-colebrook-roughness-divisor,3.7,factor,sourced,,perrysChemicalEngineersHandbook
pipeline-colebrook-reynolds-coefficient,1.256,factor,sourced,,perrysChemicalEngineersHandbook
pipeline-supply-unit-cost,,EUR/m,assumption,,
pipeline-quote-to-eur2025,1,factor,assumption,,
pipeline-connections-cost,,EUR,assumption,,
pipeline-manifold-cost,,EUR,assumption,,
array-voltage,66,kV,assumption,,
array-route-allowance,0.20,fraction,assumption,,
array-ac-loss-fraction,,fraction,assumption,,
array-supply-unit-cost,400,EUR/m,assumption,2025,
wind-turbulence-intensity,0.058,fraction,assumption,,
financial-usd-escalation-2020-2025,1.24393,factor,conversion,,blsCpiU2026
financial-usd-escalation-2022-2025,1.10008,factor,conversion,,blsCpiU2026
turbine-blade-count,3,count,assumption,,
turbine-tip-speed,95,m/s,sourced,,gaertner2020IEA15
turbine-drivetrain-efficiency,0.95,fraction,assumption,,
turbine-interface-height,15,m,assumption,,
turbine-tip-clearance,15,m,assumption,,
turbine-bearing-count,2,count,assumption,,
turbine-reference-power,15000,kW,sourced,,gaertner2020IEA15
turbine-reference-diameter,240,m,sourced,,gaertner2020IEA15
turbine-reference-blade-mass,65000,kg,sourced,,gaertner2020IEA15
turbine-blade-mass-exponent,3,factor,assumption,,
turbine-blade-mass-cost-share,0.6,fraction,sourced,,mehta2024TurbineSizing
turbine-blade-cost-diameter-exponent,2,factor,sourced,,mehta2024TurbineSizing
turbine-reference-generator-mass,372000,kg,sourced,,mehta2023WINDOW
turbine-reference-torque,20308000,Nm,sourced,,mehta2023WINDOW
turbine-calibration-power,12000,kW,sourced,,stehly2023CostWind
turbine-calibration-diameter,216,m,sourced,,stehly2023CostWind
turbine-calibration-hub-height,137,m,sourced,,stehly2023CostWind
turbine-calibration-rna-cost,1462,USD/kW,sourced,2022,stehly2023CostWind
turbine-calibration-tower-cost,238,USD/kW,sourced,2022,stehly2023CostWind
foundation-reference-rna-mass,1017,t,sourced,,gaertner2020IEA15
foundation-reference-tower-mass,860,t,sourced,,gaertner2020IEA15
foundation-reference-depth,30,m,sourced,,gaertner2020IEA15
foundation-reference-monopile-mass,1318,t,sourced,,gaertner2020IEA15
foundation-fabrication-unit-cost,2430,USD/t,assumption,2022,
foundation-transition-piece-cost-ratio,0.625,fraction,assumption,,
foundation-transition-piece-mass,,t,assumption,,
turbine-electrical-additional-mass,,t,assumption,,
turbine-hydrogen-equipment-mass,,t,assumption,,
turbine-distributed-maximum-lift,,t,assumption,,
turbine-electrical-cost-adjustment,,EUR/turbine,assumption,,
platform-topside-structural-fraction,0.5,fraction,assumption,,dnv2023OffshoreHydrogen
platform-jacket-depth-coefficient,1.7,t^(1-b)/m,sourced,,dnv2023OffshoreHydrogen
platform-jacket-mass-exponent,0.4557,exponent,sourced,,dnv2023OffshoreHydrogen
platform-pile-load-coefficient,0.0235,t/t,sourced,,dnv2023OffshoreHydrogen
platform-pile-mass-intercept,534,t,sourced,,dnv2023OffshoreHydrogen
platform-reference-topside-mass,,t,assumption,,
platform-reference-power,,GW,assumption,,
platform-mass-scaling-exponent,1,exponent,assumption,,
platform-topside-structure-unit-cost,,EUR/t,assumption,2025,
platform-yard-integration-cost,,EUR,assumption,2025,
platform-jacket-unit-cost,,EUR/t,assumption,2025,
platform-pile-unit-cost,,EUR/t,assumption,2025,
platform-dnv-topside-rate,7500,EUR/t,reference,,dnv2023OffshoreHydrogen
platform-dnv-jacket-rate,3400,EUR/t,reference,,dnv2023OffshoreHydrogen
platform-dnv-pile-rate,1500,EUR/t,reference,,dnv2023OffshoreHydrogen
platform-nse-power,0.5,GW,reference,,nse2022EnergyHubs
platform-nse-topside,9500,t,reference,,nse2022EnergyHubs
platform-nse-structure,5510,t,reference,,nse2022EnergyHubs
platform-nse-depth,45,m,reference,,nse2022EnergyHubs
platform-iv-topside,11000,t,reference,,iv500MWHydrogen
platform-mhb-power,2,GW,reference,,mhb2023AlphaAward
platform-mhb-topside,30000,t,reference,,mhb2023AlphaAward
platform-mhb-jacket,10000,t,reference,,mhb2023AlphaAward
platform-mhb-contract,1200000000,MYR,reference,,mhb2023AlphaAward
platform-dragados-topside,24000,t,reference,,dragados2024TwoGW
platform-dragados-jacket,10000,t,reference,,dragados2024TwoGW
platform-tennet-framework,30000000000,EUR,reference,,tennet2023Framework
platform-tennet-systems,14,count,reference,,tennet2023Framework
platform-petrofac-pair-lower-bound,2000000000,EUR,reference,,petrofac2023Framework
platform-rte-dunkerque-contract,320000000,EUR,reference,,rte2024Dunkerque
platform-orbit-topside-fabrication-rate,14500,USD/t,reference,,orbitSource2026
platform-orbit-jacket-rate,3785,USD/t,reference,2024,orbitSource2026
platform-jacket-site-time,5,day,sourced,,boem2021CVOWCOP
platform-topside-site-time,2.5,day,sourced,,boem2021CVOWCOP
turbine-hub-blade,2.3,coefficient,sourced,,wisdemSource2026
turbine-hub-offset,1320,coefficient,sourced,,wisdemSource2026
turbine-pitch-blade,0.1295,coefficient,sourced,,wisdemSource2026
turbine-pitch-bearing-offset,491.31,coefficient,sourced,,wisdemSource2026
turbine-pitch-bearing,1.328,coefficient,sourced,,wisdemSource2026
turbine-pitch-offset,555,coefficient,sourced,,wisdemSource2026
turbine-spinner-diameter,15.5,coefficient,sourced,,wisdemSource2026
turbine-spinner-offset,-980,coefficient,sourced,,wisdemSource2026
turbine-lss-scale,13,coefficient,sourced,,wisdemSource2026
turbine-lss-exponent,0.65,coefficient,sourced,,wisdemSource2026
turbine-lss-offset,775,coefficient,sourced,,wisdemSource2026
turbine-bearing-scale,0.0001,coefficient,sourced,,wisdemSource2026
turbine-bearing-exponent,3.5,coefficient,sourced,,wisdemSource2026
turbine-brake-torque,0.00122,coefficient,sourced,,wisdemSource2026
turbine-bedplate-exponent,2.2,coefficient,sourced,,wisdemSource2026
turbine-yaw-scale,0.0009,coefficient,sourced,,wisdemSource2026
turbine-yaw-multiplier,1.5,factor,sourced,,wisdemSource2026
turbine-yaw-exponent,3.314,coefficient,sourced,,wisdemSource2026
turbine-hvac-power,0.08,coefficient,sourced,,wisdemSource2026
turbine-cover-power,1.2817,coefficient,sourced,,wisdemSource2026
turbine-cover-offset,428.19,coefficient,sourced,,wisdemSource2026
turbine-platform-bedplate,0.125,coefficient,sourced,,wisdemSource2026
turbine-crane-mass,3000,coefficient,sourced,,wisdemSource2026
turbine-transformer-power,1.915,coefficient,sourced,,wisdemSource2026
turbine-transformer-offset,1910,coefficient,sourced,,wisdemSource2026
turbine-tower-scale,19.828,coefficient,sourced,,wisdemSource2026
turbine-tower-exponent,2.0282,coefficient,sourced,,wisdemSource2026
turbine-cost-blade,14.6,USD/kg,reference,,wisdemSource2026
turbine-cost-hub,3.9,USD/kg,reference,,wisdemSource2026
turbine-cost-pitch,22.1,USD/kg,reference,,wisdemSource2026
turbine-cost-spinner,11.1,USD/kg,reference,,wisdemSource2026
turbine-cost-lss,11.9,USD/kg,reference,,wisdemSource2026
turbine-cost-bearings,4.5,USD/kg,reference,,wisdemSource2026
turbine-cost-brake,3.6254,USD/kg,reference,,wisdemSource2026
turbine-cost-generator,12.4,USD/kg,reference,,wisdemSource2026
turbine-cost-bedplate,2.9,USD/kg,reference,,wisdemSource2026
turbine-cost-yaw,8.3,USD/kg,reference,,wisdemSource2026
turbine-cost-hvac,124,USD/kg,reference,,wisdemSource2026
turbine-cost-cover,5.7,USD/kg,reference,,wisdemSource2026
turbine-cost-platforms,17.1,USD/kg,reference,,wisdemSource2026
turbine-cost-transformer,18.8,USD/kg,reference,,wisdemSource2026
turbine-cost-tower,2.9,USD/kg,reference,,wisdemSource2026
turbine-cost-connections,41.85,USD/kW,reference,,wisdemSource2026
turbine-cost-controls,21.15,USD/kW,reference,,wisdemSource2026
turbine-cost-crane,,USD,reference,,wisdemSource2026
central-production-availability,,fraction,assumption,,
distributed-production-availability,,fraction,assumption,,
ac-collection-availability,,fraction,assumption,,
hydrogen-collection-availability,,fraction,assumption,,
hydrogen-export-availability,,fraction,assumption,,
compressor-central-availability,,fraction,assumption,,
compressor-distributed-availability,,fraction,assumption,,
hydrogen-receipt-availability,,fraction,assumption,,
turbine-central-opex-rate,,fraction/year,assumption,,
turbine-distributed-opex-rate,,fraction/year,assumption,,
foundation-opex-rate,,fraction/year,assumption,,
stack-opex-rate,,fraction/year,assumption,,
bop-opex-rate,,fraction/year,assumption,,
central-conversion-opex-rate,,fraction/year,assumption,,
conservative-conversion-opex-rate,,fraction/year,assumption,,
converter-reduced-conversion-opex-rate,,fraction/year,assumption,,
compressor-opex-rate,,fraction/year,assumption,,
ac-collection-opex-rate,,fraction/year,assumption,,
hydrogen-collection-opex-rate,,fraction/year,assumption,,
hydrogen-export-opex-rate,,fraction/year,assumption,,
platform-opex-rate,,fraction/year,assumption,,
hydrogen-receipt-opex-rate,,fraction/year,assumption,,
pipeline-connections-opex-rate,,fraction/year,assumption,,
pipeline-manifold-opex-rate,,fraction/year,assumption,,
hydrogen-receipt-supply-cost,,EUR,assumption,,
hydrogen-receipt-installation-cost,,EUR,assumption,,
install-foundation-spread-rate,,EUR/day,assumption,,
install-foundation-mobilisation-time,,day,assumption,,
install-foundation-port-time,,day/set,assumption,,
install-foundation-site-time,,day/location,assumption,,
install-foundation-sets-per-load,,count,assumption,,
install-foundation-usable-payload,,t,assumption,,
install-foundation-crane-capacity,,t,assumption,,
install-foundation-speed,,km/day,assumption,,
install-turbine-spread-rate,,EUR/day,assumption,,
install-turbine-mobilisation-time,,day,assumption,,
install-turbine-port-time,,day/set,assumption,,
install-turbine-site-time,,day/location,assumption,,
install-turbine-sets-per-load,,count,assumption,,
install-turbine-usable-payload,,t,assumption,,
install-turbine-crane-capacity,,t,assumption,,
install-turbine-speed,,km/day,assumption,,
install-ac-lay-rate,,EUR/day,assumption,,
install-ac-burial-rate,,EUR/day,assumption,,
install-ac-survey-rate,,EUR/day,assumption,,
install-ac-lay-productivity,,km/day,assumption,,
install-ac-burial-productivity,,km/day,assumption,,
install-ac-survey-productivity,,km/day,assumption,,
install-ac-load-time,,day/load,assumption,,
install-ac-mobilisation-time,,day,assumption,,
install-ac-demobilisation-time,,day,assumption,,
install-ac-transit-speed,,km/day,assumption,,
install-ac-interface-time,,day/event,assumption,,
install-ac-splice-time,,day/event,assumption,,
install-ac-weather-lay,,fraction,assumption,,
install-ac-weather-burial,,fraction,assumption,,
install-ac-weather-survey,,fraction,assumption,,
install-ac-burial-fixed-time,,day,assumption,,
install-ac-survey-fixed-time,,day,assumption,,
install-ac-survey-interface-time,,day,assumption,,
install-ac-rov-lay-support,,fraction,assumption,,
install-ac-rov-burial-support,,fraction,assumption,,
install-ac-exceptional-cost,,EUR,assumption,,
install-tcp-lay-rate,,EUR/day,assumption,,
install-tcp-burial-rate,,EUR/day,assumption,,
install-tcp-survey-rate,,EUR/day,assumption,,
install-tcp-lay-productivity,,km/day,assumption,,
install-tcp-burial-productivity,,km/day,assumption,,
install-tcp-survey-productivity,,km/day,assumption,,
install-tcp-load-time,,day/load,assumption,,
install-tcp-mobilisation-time,,day,assumption,,
install-tcp-demobilisation-time,,day,assumption,,
install-tcp-transit-speed,,km/day,assumption,,
install-tcp-interface-time,,day/event,assumption,,
install-tcp-splice-time,,day/event,assumption,,
install-tcp-weather-lay,,fraction,assumption,,
install-tcp-weather-burial,,fraction,assumption,,
install-tcp-weather-survey,,fraction,assumption,,
install-tcp-burial-fixed-time,,day,assumption,,
install-tcp-survey-fixed-time,,day,assumption,,
install-tcp-survey-interface-time,,day,assumption,,
install-tcp-rov-lay-support,,fraction,assumption,,
install-tcp-rov-burial-support,,fraction,assumption,,
install-tcp-exceptional-cost,,EUR,assumption,,
install-platform-jacket-rate,,EUR/day,assumption,,
install-platform-topside-rate,,EUR/day,assumption,,
install-platform-hookup-rate,,EUR/day,assumption,,
install-platform-jacket-logistics,,day,assumption,,
install-platform-topside-logistics,,day,assumption,,
install-platform-hookup-time,,day,assumption,,
install-platform-mobilisation-cost,,EUR,assumption,,
install-platform-jacket-crane,,t,assumption,,
install-platform-topside-crane,,t,assumption,,

platform-hkz-count,2,count,reference,,petrofac2019HKZ
platform-hkz-power,0.7,GW,reference,,petrofac2019HKZ
platform-hkz-alpha-topside,3800,t,reference,,petrofac2021HKZAlpha
platform-hkz-beta-topside,3950,t,reference,,petrofac2022HKZBeta
platform-hkz-contract,200000000,USD,reference,2019,petrofac2019HKZ
platform-nederwiek-topside,30000,t,reference,,misc2024Nederwiek
platform-nederwiek-petrofac,1400000000,USD,reference,2023,petrofac2023Nederwiek
platform-petrofac-framework,13000000000,EUR,reference,2023,petrofac2023Framework
platform-petrofac-systems,6,count,reference,,petrofac2023Framework
platform-benchmark-petrofac-share,0.5,fraction,assumption,,petrofac2025Prospectus
platform-benchmark-offshore-share,0.8,fraction,assumption,,
platform-nse-structure-cost,161000000,EUR,reference,2022,nse2022EnergyHubs
platform-offsh2ore-topside,13000,t,reference,,offsh2ore2023Report
platform-offsh2ore-power,0.5,GW,reference,,offsh2ore2023Report
platform-offsh2ore-cost,140900000,EUR,reference,2023,offsh2ore2023Report
platform-offsh2ore-engineering-share,0.2,fraction,reference,,offsh2ore2023Report
platform-benchmark-usd-eur-2019,1.1195,USD/EUR,conversion,2019,bundesbank2026AnnualFX
platform-benchmark-usd-eur-2023,1.0813,USD/EUR,conversion,2023,bundesbank2026AnnualFX
platform-benchmark-myr-eur-2023,4.9320,MYR/EUR,conversion,2023,bundesbank2026AnnualFX
platform-benchmark-hicp-2020,0.003,fraction,conversion,2020,eurostat2026AnnualHICP
platform-benchmark-hicp-2021,0.026,fraction,conversion,2021,eurostat2026AnnualHICP
platform-benchmark-hicp-2022,0.084,fraction,conversion,2022,eurostat2026AnnualHICP
platform-benchmark-hicp-2023,0.054,fraction,conversion,2023,eurostat2026AnnualHICP
platform-benchmark-hicp-2024,0.024,fraction,conversion,2024,eurostat2026AnnualHICP
platform-benchmark-hicp-2025,0.021,fraction,conversion,2025,eurostat2026AnnualHICP
platform-benchmark-topside-linear-low,27500,EUR/t,assumption,2023,
platform-benchmark-topside-linear-high,35000,EUR/t,assumption,2023,
platform-epci-topside-unit-cost-source,30000,EUR/t,assumption,2023,
platform-epci-cost-scaling-exponent,1,exponent,assumption,,
platform-decommissioning-cost,,EUR,assumption,2025,
install-turbine-reference-rating,15,MW,sourced,,bvg2025FixedGuide
install-turbine-reference-unit-cost,132000,GBP/MW,sourced,2024,bvg2025InstallationCosts
financial-gbp-cpi-2024,133.9,index,conversion,2024,ons2026CPIAnnual
financial-gbp-cpi-2025,138.4,index,conversion,2025,ons2026CPIAnnual
financial-gbp-per-eur-2025,0.85679,GBP/EUR,conversion,2025,ecb2025GBPEUR
